arquitetura,carga_vus,replica,inicio,fim,duracao_s,lat_avg_ms,lat_med_ms,lat_p90_ms,lat_p95_ms,lat_max_ms,lat_min_ms,throughput_rps,total_reqs,taxa_erro,reqs_falhas,reqs_sucesso,vus_min,vus_max_atingido,iterations,cpu_util_pct,cpu_credit_balance,cpu_surplus_credit,cpu_util_peak_pct
A1,100,rep01,2026-06-09T22:04:25+00:00,2026-06-09T22:08:27+00:00,242.0,16.297802461850676,0.807141,51.429905000000005,52.4430229,101.680495,0.288069,85.86320821150147,20695,0.0,0,20695,2,100,20695,43.40828143228071,69.923087,0.0,60.73168290404377
A1,100,rep02,2026-06-09T22:33:30+00:00,2026-06-09T22:37:31+00:00,241.0,16.173716436938328,0.804986,51.4791736,52.48399795,259.399934,0.30549,85.86210998637829,20694,0.0,0,20694,2,100,20694,37.74517563155946,70.46176971666667,0.0,60.782584092006054
A1,100,rep03,2026-06-09T23:02:35+00:00,2026-06-09T23:06:36+00:00,241.0,16.116386212332028,0.7352825000000001,51.4836283,52.475626749999996,128.397922,0.280029,85.87118708140967,20694,0.0,0,20694,1,100,20694,26.12495179478442,70.9938426,0.0,62.38333333333333
A1,100,rep04,2026-06-09T23:31:39+00:00,2026-06-09T23:35:41+00:00,242.0,16.122735839718015,0.732203,51.397634,52.460539,80.266048,0.288478,85.87847552358718,20701,0.0,0,20701,2,100,20701,15.117585819778489,71.57353508333334,0.0,58.86270918324869
A1,100,rep05,2026-06-10T00:00:44+00:00,2026-06-10T00:04:46+00:00,242.0,16.451887987288455,0.7591935000000001,51.38457150000001,52.3865417,1836.263373,0.278641,85.84690683674246,20690,0.0,0,20690,2,100,20690,39.330423172310965,76.07702106666666,0.0,62.52919586252919
A1,100,rep06,2026-06-11T11:36:12+00:00,2026-06-11T11:40:14+00:00,242.0,16.56747858113015,0.71119,51.419989799999996,52.376155,1934.571453,0.26643,85.83236428110045,20689,0.0,0,20689,2,100,20689,10.628333333333334,107.04128133333333,0.0,52.53333333333333
A1,100,rep07,2026-06-11T12:05:17+00:00,2026-06-11T12:09:19+00:00,242.0,16.01076768800105,0.688916,51.3654261,52.3426285,77.009728,0.269912,85.9011249030715,20702,0.0,0,20702,2,100,20702,43.76520378117412,111.94120213333332,0.0,62.55
A1,100,rep08,2026-06-11T12:34:22+00:00,2026-06-11T12:38:23+00:00,241.0,16.133025955597446,0.687132,51.3210652,52.3362896,100.717472,0.285155,85.86490388918125,20697,0.0,0,20697,2,100,20697,43.73166666666667,112.6912874,0.0,62.875
A1,100,rep09,2026-06-11T13:03:26+00:00,2026-06-11T13:07:28+00:00,242.0,16.097267910276752,0.689229,51.3774348,52.3588458,104.430231,0.267683,85.87672126778324,20697,0.0,0,20697,2,100,20697,37.626667861131025,113.16883145000001,0.0,61.61666666666666
A1,100,rep10,2026-06-11T13:32:31+00:00,2026-06-11T13:36:33+00:00,242.0,16.426441257841468,0.727621,51.498537,52.402136999999996,125.182163,0.26935,85.83709020166555,20691,0.0,0,20691,2,100,20691,27.03666666666667,113.61543993333333,0.0,62.15833333333334
A1,100,rep11,2026-06-12T10:18:30+00:00,2026-06-12T10:22:32+00:00,242.0,15.956912803149562,0.661658,51.281392,52.21642,108.564674,0.282302,85.88446019444518,20701,0.0,0,20701,2,100,20701,41.490970373336005,113.46657481666666,0.0,60.94651853334668
A1,100,rep12,2026-06-12T10:47:35+00:00,2026-06-12T10:51:37+00:00,242.0,16.16101034182044,0.6487915,51.213526099999996,52.22178354999999,75.859391,0.26209,85.88786043840089,20698,0.0,0,20698,1,100,20698,30.15995806206603,113.8427287,0.0,61.199999999999996
A1,100,rep13,2026-06-12T11:16:40+00:00,2026-06-12T11:20:42+00:00,242.0,15.925696565887298,0.6430875,51.1957925,52.23118125,102.300792,0.281647,85.90181597285287,20702,0.0,0,20702,2,100,20702,18.63674834231615,114.5241073,0.0,59.67030222296228
A1,100,rep14,2026-06-12T11:45:45+00:00,2026-06-12T11:49:46+00:00,241.0,16.133982240073305,0.633162,51.268775600000005,52.261031,129.882136,0.270976,85.89341115087883,20702,0.0,0,20702,2,100,20702,36.62649903913497,119.47711685,0.0,62.6
A1,100,rep15,2026-06-12T12:11:27+00:00,2026-06-12T12:15:29+00:00,242.0,16.091958002463404,0.6419,51.4145776,52.3563461,87.614542,0.252793,85.89652251931899,20703,0.0,0,20703,2,100,20703,16.075981299528188,116.7313197,0.0,61.19674373602909
A1,100,rep16,2026-06-15T21:51:12+00:00,2026-06-15T21:55:14+00:00,242.0,16.665067943104365,0.489671,52.3414872,54.0559512,125.334953,0.194479,85.82522001457782,20687,0.0,0,20687,2,100,20687,8.006656758422007,100.36292468333333,0.0,39.791666666666664
A1,100,rep17,2026-06-15T22:20:17+00:00,2026-06-15T22:24:19+00:00,242.0,16.60130829800913,0.4833655,52.206295399999995,53.84307229999999,115.020034,0.189717,85.85091446015365,20694,0.0,0,20694,2,100,20694,45.01614318519397,105.23111243333334,0.0,63.76666666666667
A1,100,rep18,2026-06-15T22:49:22+00:00,2026-06-15T22:53:24+00:00,242.0,16.6675371000096,0.47655400000000003,52.2701313,53.96338164999999,127.356524,0.180841,85.823895146549,20688,0.0,0,20688,2,100,20688,44.344238850803144,105.96130536666666,0.0,63.32394460092331
A1,100,rep19,2026-06-15T23:18:26+00:00,2026-06-15T23:22:28+00:00,242.0,16.322643664202072,0.46874,52.1153425,53.685628349999995,149.568413,0.17972,85.8489806538211,20694,0.0,0,20694,2,100,20694,35.6104522524045,106.30503968333333,0.0,63.32394460092331
A1,100,rep20,2026-06-15T23:47:31+00:00,2026-06-15T23:51:33+00:00,242.0,16.323005718185133,0.468872,52.273176199999995,54.01976919999999,134.236031,0.180743,85.87410776744672,20698,0.0,0,20698,2,100,20698,23.818330569442526,106.65316041666667,0.0,61.89166666666666
A1,100,rep21,2026-06-16T23:44:19+00:00,2026-06-16T23:48:21+00:00,242.0,16.324396696771995,0.6364179999999999,51.3773957,52.33251595,84.357779,0.220842,85.853622764366,20694,0.0,0,20694,2,100,20694,43.20561508639387,88.02252043333333,0.0,62.43333333333332
A1,100,rep22,2026-06-16T23:58:38+00:00,2026-06-17T00:02:40+00:00,242.0,16.807248780023176,0.5502365,52.4629629,54.29211205,148.988852,0.231294,85.81605580322228,20684,0.0,0,20684,2,100,20684,41.757165308233986,84.93680363333333,0.0,62.34166666666666
A1,100,rep23,2026-06-17T00:27:43+00:00,2026-06-17T00:31:45+00:00,242.0,16.532982463244835,0.542972,52.327256,54.238662500000004,170.809871,0.239301,85.84094032790674,20691,0.0,0,20691,2,100,20691,31.002919364639002,85.37694418333334,0.0,62.15343113583001
A1,100,rep24,2026-06-17T00:56:48+00:00,2026-06-17T01:00:50+00:00,242.0,16.651565645370162,0.5591245,52.384721299999995,54.01312815,151.535094,0.233436,85.84242162113495,20692,0.0,0,20692,2,100,20692,19.575906285516414,85.3963557,0.0,60.413301583601154
A1,100,rep25,2026-06-17T01:25:53+00:00,2026-06-17T01:29:55+00:00,242.0,16.521014103024957,0.548514,52.2556523,53.83242815,128.304633,0.237955,85.84994013902282,20694,0.0,0,20694,2,100,20694,36.33668377574719,89.52379568333333,0.0,64.21666666666665
A1,100,rep26,2026-06-17T18:59:22+00:00,2026-06-17T19:03:24+00:00,242.0,16.363627163509758,0.7204055,51.3525905,52.32278175,71.918507,0.295551,85.87472075671963,20696,0.0,0,20696,2,100,20696,44.406297155762886,85.69047263333333,0.0,62.754387135517455
A1,100,rep27,2026-06-17T19:28:27+00:00,2026-06-17T19:32:29+00:00,242.0,16.259877906991377,0.677508,51.383635600000005,52.3811252,124.38983,0.274478,85.86320631633062,20697,0.0,0,20697,2,100,20697,40.39333333333334,86.13554533333334,0.0,61.30833333333334
A1,100,rep28,2026-06-17T19:57:32+00:00,2026-06-17T20:01:34+00:00,242.0,16.460666597777212,0.700758,51.4730648,52.4500985,172.423346,0.277548,85.8561935960756,20695,0.0,0,20695,2,100,20695,29.497751066633395,85.94157865,0.0,60.26990508282315
A1,100,rep29,2026-06-17T20:26:37+00:00,2026-06-17T20:30:38+00:00,241.0,16.20676354487933,0.719516,51.39127940000001,52.3644834,110.565933,0.282032,85.88400199748266,20700,0.0,0,20700,2,100,20700,18.448315820568006,86.49272194999999,0.0,60.30833333333332
A1,100,rep30,2026-06-17T20:55:42+00:00,2026-06-17T20:59:43+00:00,241.0,16.43309521311558,0.740027,51.433641,52.382873399999994,81.697163,0.289673,85.84757256049882,20693,0.0,0,20693,2,100,20693,37.14838058872759,91.45180365,0.0,62.437554119762865
A1,500,rep01,2026-06-10T01:15:21+00:00,2026-06-10T01:19:38+00:00,257.0,1869.3829693060345,1.5766784999999999,52.9150075,56.6442955,60014.954647,0.0,138.7957764106266,35456,0.02216832129963899,786,34670,8,500,35456,58.33414981142293,85.45425895,0.0,76.73333333333332
A1,500,rep02,2026-06-10T01:44:41+00:00,2026-06-10T01:48:57+00:00,256.0,1871.6420451842605,1.584854,52.9513342,57.48569459999998,60038.476425,0.0,138.65098840134075,35419,0.022163245715576384,785,34634,8,500,35419,58.065112387900854,84.618518,0.0,76.02548918211086
A1,500,rep03,2026-06-10T02:14:01+00:00,2026-06-10T02:18:18+00:00,257.0,1867.0756550851995,1.4873794999999999,52.9721796,56.96572599999999,60004.891374,0.0,138.85638962903084,35454,0.02205674959101935,782,34672,7,500,35454,49.59755948633624,83.90644405,0.0,76.39745341821938
A1,500,rep04,2026-06-10T02:43:21+00:00,2026-06-10T02:47:38+00:00,257.0,1867.2651532737445,1.51549,52.9534302,56.84377580000002,60010.396905,0.0,138.78803063243228,35453,0.02208557808930133,783,34670,8,500,35453,40.956043632680185,83.17184763333333,0.0,77.50833333333334
A1,500,rep05,2026-06-10T03:12:41+00:00,2026-06-10T03:16:57+00:00,256.0,1871.3569219921737,1.616438,52.9746042,57.0433975,60019.720689,0.0,138.687765034316,35427,0.022101786772800405,783,34644,7,500,35427,31.439739809892064,82.27100865,0.0,78.05703238279362
A1,500,rep06,2026-06-11T23:27:55+00:00,2026-06-11T23:32:12+00:00,257.0,1869.8697611272707,1.4578125,52.902601,56.59518570000001,60001.213543,0.0,138.72056740707447,35438,0.022179581240476323,786,34652,8,500,35438,32.20054706949715,115.18386623508431,0.0,76.30833333333334
A1,500,rep07,2026-06-11T23:57:15+00:00,2026-06-12T00:01:33+00:00,258.0,2155.7428903162327,1.7205395,53.9686858,108.77846944999233,60057.852472,0.262966,129.40361072214176,33262,0.026606938849137153,885,32377,1,500,33262,17.042251863017324,114.82300455,0.0,51.527990925468735
A1,500,rep08,2026-06-12T00:26:36+00:00,2026-06-12T00:30:52+00:00,256.0,1870.3740188098334,1.480565,53.1117154,56.64316380000001,60012.27026,0.0,138.7792250170028,35453,0.022113784447014357,784,34669,8,500,35453,13.882948166056076,114.3416763,0.0,66.88296523653834
A1,500,rep09,2026-06-12T00:55:55+00:00,2026-06-12T01:00:11+00:00,256.0,1870.9095183515824,1.484359,52.7721819,55.928900750000004,60001.055626,0.0,138.75827097744582,35448,0.02214511396975852,785,34663,8,500,35448,53.7086537665535,119.0190556282552,0.0,80.40967349455825
A1,500,rep10,2026-06-12T01:25:14+00:00,2026-06-12T01:29:31+00:00,257.0,1872.4341954298518,1.5233715,52.901814,56.3468165,60034.853494,0.0,138.72175978412102,35436,0.02218083305113444,786,34650,8,500,35436,60.8467516605028,118.92168481666667,0.0,76.04981079233833
A1,500,rep11,2026-06-12T12:43:17+00:00,2026-06-12T12:47:34+00:00,257.0,1873.7378543002653,1.575911,53.1286316,56.995265000000025,60014.203555,0.0,138.66402563420368,35413,0.022167000818908312,785,34628,8,500,35413,42.44575879490704,119.71323625,0.0,77.16260094912997
A1,500,rep12,2026-06-12T13:12:37+00:00,2026-06-12T13:16:53+00:00,256.0,1871.7208561798948,1.5410845,52.988106,57.5053445,60023.030996,0.0,138.73284153957044,35436,0.022152613161756405,785,34651,8,500,35436,32.0570897078786,118.85540041666667,0.0,76.6452581533072
A1,500,rep13,2026-06-12T13:41:56+00:00,2026-06-12T13:46:12+00:00,256.0,1876.5422489893017,1.5101499999999999,52.8931871,56.47131714999999,60004.863882,0.0,138.63527425321135,35410,0.022281841287771817,789,34621,8,500,35410,20.77467975864975,117.98270081901042,0.0,74.96916563885463
A1,500,rep14,2026-06-12T14:11:16+00:00,2026-06-12T14:15:32+00:00,256.0,1867.5316179003585,1.554274,53.1658526,57.9150388,60016.400494,0.0,138.78848917967105,35457,0.022139492906901318,785,34672,8,500,35457,11.14499927666606,117.28466956666666,0.0,54.874698193322786
A1,500,rep15,2026-06-12T14:40:35+00:00,2026-06-12T14:44:51+00:00,256.0,1869.8820977629116,1.575099,53.1423012,57.400383000000026,60007.182195,0.0,138.71595034117203,35433,0.02221093331075551,787,34646,8,500,35433,55.89201166650016,121.95133493333333,0.0,75.80172499916748
A1,500,rep16,2026-06-16T00:49:08+00:00,2026-06-16T00:53:25+00:00,257.0,1953.1032974455575,1.68296,53.6039383,58.67536094999998,60008.688019,0.0,135.8746756317579,34692,0.02476075175833045,859,33833,8,500,34692,54.86043371182426,106.81829018333333,0.0,76.62474144258357
A1,500,rep17,2026-06-16T01:18:27+00:00,2026-06-16T01:22:44+00:00,257.0,1870.3521299117488,1.553187,52.974749800000005,56.3785118,60006.423777,0.0,138.77440214090876,35445,0.022146988291719565,785,34660,8,500,35445,52.97166769446157,105.97470878333333,0.0,78.65833333333332
A1,500,rep18,2026-06-16T01:47:47+00:00,2026-06-16T01:52:03+00:00,256.0,1874.4301143316716,1.547997,52.818195800000005,56.207010799999985,60001.60478,0.0,138.6838514405099,35424,0.02221657633242999,787,34637,8,500,35424,43.92345904656548,104.95637058841146,0.0,78.77631293854898
A1,500,rep19,2026-06-16T01:59:41+00:00,2026-06-16T02:03:58+00:00,257.0,1871.0502318243646,1.6256325,53.005334000000005,56.27167,60005.22173,0.0,138.7693961014174,35446,0.022089939626474073,783,34663,8,500,35446,57.13477833702772,104.05152416666667,0.0,77.43333333333334
A1,500,rep20,2026-06-16T02:29:01+00:00,2026-06-16T02:33:18+00:00,257.0,1872.8624657220782,1.5764255,52.910595900000004,56.39651259999997,60002.926361,0.0,138.73688715778013,35430,0.022156364662715214,785,34645,7,500,35430,58.83833333333333,103.25168191666667,0.0,78.16666666666666
A1,500,rep21,2026-06-17T02:38:33+00:00,2026-06-17T02:42:49+00:00,256.0,1874.7280307094188,1.607955,53.11040490000001,56.34597295,60003.547589,0.0,138.62511224342867,35412,0.022224104823223765,787,34625,8,500,35412,54.685,94.84714286666667,0.0,79.36666666666666
A1,500,rep22,2026-06-17T03:07:53+00:00,2026-06-17T03:12:09+00:00,256.0,1872.9886603331408,1.7098179999999998,53.9371837,58.66189524999997,60010.173325,0.0,138.47721189048198,35400,0.022118644067796612,783,34617,8,500,35400,31.618485223089802,92.70407217988281,0.0,76.83851086865994
A1,500,rep23,2026-06-17T03:37:12+00:00,2026-06-17T03:41:29+00:00,257.0,1865.5125160426876,1.515804,52.804212,55.69753560000001,60009.549231,0.0,138.8562940626869,35453,0.02208557808930133,783,34670,8,500,35453,21.68,93.17477928333334,0.0,76.225
A1,500,rep24,2026-06-17T04:06:32+00:00,2026-06-17T04:10:48+00:00,256.0,1869.4321519517505,1.618158,52.9561936,56.11516979999995,60014.495412,0.0,138.7663569497861,35455,0.021999717952333943,780,34675,8,500,35455,11.89833333333333,92.14220205,0.0,58.69166666666666
A1,500,rep25,2026-06-17T04:35:52+00:00,2026-06-17T04:40:08+00:00,256.0,1866.0681523794613,1.525159,52.817183,56.012554200000004,60003.961696,0.0,138.81356996351406,35459,0.022025437829606025,781,34678,8,500,35459,55.76874999999999,96.68756189791665,0.0,78.99166666666667
A1,500,rep26,2026-06-18T00:13:15+00:00,2026-06-18T00:17:32+00:00,257.0,1942.7965448188547,1.5262915000000001,53.2160664,57.639342299999946,60004.678197,0.0,136.27491466481467,34800,0.024511494252873564,853,33947,8,500,34800,39.28316092096282,90.26908375,0.0,78.03333333333333
A1,500,rep27,2026-06-18T00:42:35+00:00,2026-06-18T00:46:51+00:00,256.0,1870.1171028107815,1.3855849999999998,52.777166900000005,56.00254059999999,60025.146479,0.0,138.75175940567095,35440,0.022178329571106097,786,34654,8,500,35440,29.249026675423313,89.2676984,0.0,77.17073984485778
A1,500,rep28,2026-06-18T01:11:54+00:00,2026-06-18T01:16:10+00:00,256.0,1872.8547212065075,1.5406844999999998,53.0040369,56.53820459999999,60011.47807,0.0,138.7293892922134,35432,0.022211560171596298,787,34645,8,500,35432,18.054359658250203,88.38174880052084,0.0,79.17125412871584
A1,500,rep29,2026-06-18T01:41:13+00:00,2026-06-18T01:45:30+00:00,257.0,1868.0323823251833,1.478167,52.7784805,56.00301255,60010.561041,0.0,138.83076912123676,35464,0.022106925332731786,784,34680,8,500,35464,7.942851513941632,88.26661548333334,0.0,39.00591124802264
A1,500,rep30,2026-06-18T02:10:33+00:00,2026-06-18T02:14:49+00:00,256.0,1869.9561154966798,1.49882,52.874131600000005,56.134748199999954,60006.535234,0.0,138.76990511368479,35445,0.02217520101565806,786,34659,8,500,35445,58.08122535487587,93.0406619,0.0,78.49166666666667
A1,1000,rep01,2026-06-24T01:23:35+00:00,2026-06-24T01:28:06+00:00,271.0,2235.184059970433,1.171441,53.52757879999999,3341.8126902999916,60024.024698,0.0,145.84542166360583,39215,0.09843172255514472,3860,35355,4,1000,39215,42.73714085676248,134.59072317152524,0.0,77.94201061025659
A1,1000,rep02,2026-06-24T01:30:10+00:00,2026-06-24T01:34:40+00:00,270.0,2291.1076684533714,1.021587,53.184298,4016.388025,60012.733452,0.0,145.87801953303602,39261,0.09706833753597718,3811,35450,1,1000,39261,60.0537748594298,131.84897081666668,0.0,76.89489809511123
A1,1000,rep03,2026-06-24T01:36:43+00:00,2026-06-24T01:41:13+00:00,270.0,2300.3289339402645,1.175217,53.467755,4673.818659,60022.901505,0.0,145.66303272976316,39271,0.09663619464744977,3795,35476,4,1000,39271,34.73305707715482,122.58522331339506,0.0,78.0408054318269
A1,1000,rep04,2026-06-24T01:43:17+00:00,2026-06-24T01:47:46+00:00,269.0,2240.2118045060333,1.0963545,53.368374200000005,2802.8080303999927,60014.446315,0.0,146.44711287915257,39274,0.09823292763660436,3858,35416,2,1000,39274,37.47801088964194,120.25759698333333,0.0,78.0408054318269
A1,1000,rep05,2026-06-24T01:49:49+00:00,2026-06-24T01:54:19+00:00,270.0,2251.412588088186,1.064081,53.3945523,2988.5138301499933,60009.28043,0.0,145.75867507715245,39300,0.09798982188295165,3851,35449,5,1000,39300,57.13149901570779,117.31483533333332,0.0,77.38184608711609
A1,1000,rep06,2026-06-24T01:56:22+00:00,2026-06-24T02:00:52+00:00,270.0,2230.0422620273325,0.992199,53.38842840000001,3106.254149299994,60010.268878,0.0,146.1561286404756,39259,0.09860159453883185,3871,35388,12,1000,39259,35.69659819864984,108.65534665,0.0,75.54040765987233
A1,1000,rep07,2026-06-12T01:51:17+00:00,2026-06-12T01:55:47+00:00,270.0,2238.4123115882694,1.363376,53.7824342,2905.3715192999734,60046.758614,0.0,146.2305996862847,39279,0.09801675195397032,3850,35429,13,1000,39279,8.437301203865264,112.84105761666666,0.0,41.36987672443992
A1,1000,rep08,2026-06-12T02:20:51+00:00,2026-06-12T02:25:21+00:00,270.0,2340.5125848208622,1.438996,53.8353674,5486.0688362,60034.102854,0.0,145.11373173600188,39178,0.09668691612639747,3788,35390,11,1000,39178,52.728927390369684,117.23447766888889,0.0,77.75631525485821
A1,1000,rep09,2026-06-12T02:50:25+00:00,2026-06-12T02:54:55+00:00,270.0,2265.7131263123365,1.329526,53.7272916,3422.474741899867,60133.024161,0.0,145.96000573153995,39250,0.09785987261146496,3841,35409,7,1000,39250,58.329281491965695,117.73274581666666,0.0,76.6464074598285
A1,1000,rep10,2026-06-12T03:19:58+00:00,2026-06-12T03:24:27+00:00,269.0,2193.767745182753,1.2715480000000001,53.4072781,2367.5183944000178,60002.60267,0.0,146.88068909771124,39348,0.09853105621632612,3877,35471,1,1000,39348,54.10321195269473,117.11674533593555,0.0,78.47806177670469
A1,1000,rep11,2026-06-24T02:02:55+00:00,2026-06-24T02:07:25+00:00,270.0,2269.9496412929902,1.134215,53.5428402,3757.2971882001616,60003.941722,0.0,146.35079603761082,39313,0.09752499173301453,3834,35479,13,1000,39313,37.90528055935,105.85842414320987,0.0,78.24166666666666
A1,1000,rep12,2026-06-24T02:09:28+00:00,2026-06-24T02:13:58+00:00,270.0,2339.504129541666,1.133739,53.4119446,5467.382477899912,60001.891276,0.0,145.73510992413182,39215,0.09636618640826214,3779,35436,1,1000,39215,54.15995992135741,103.52030463333334,0.0,78.24166666666666
A1,1000,rep13,2026-06-24T02:16:02+00:00,2026-06-24T02:20:33+00:00,271.0,2254.67246431811,1.223428,53.5650425,3088.0133558498383,60006.740152,0.0,145.60925654673952,39270,0.09803921568627451,3850,35420,13,1000,39270,34.07972679848314,94.73268016666667,0.0,75.80833333333334
A1,1000,rep14,2026-06-24T02:22:36+00:00,2026-06-24T02:27:07+00:00,271.0,2288.000038243978,1.060516,53.532718200000005,4180.22137359967,60023.847053,0.0,145.59178300671093,39247,0.09761255637373557,3831,35416,13,1000,39247,36.974257480685864,91.88468682896679,0.0,77.675
A1,1000,rep15,2026-06-24T02:29:10+00:00,2026-06-24T02:33:38+00:00,268.0,2251.479257754703,1.078188,53.5436868,2760.9668297999197,60009.341779,0.0,146.90894956934068,39309,0.09753491566816759,3834,35475,7,1000,39309,49.20886299866136,89.35389215,0.0,77.59037752531572
A1,1000,rep16,2026-06-16T11:17:20+00:00,2026-06-16T11:21:50+00:00,270.0,2237.9700370539554,0.909393,53.14595700000001,3088.952343799991,60013.874932,0.0,145.9870218663722,39289,0.09794089948840642,3848,35441,1,1000,39289,33.562977514974406,98.34166511666666,0.0,77.2221667166217
A1,1000,rep17,2026-06-16T11:46:54+00:00,2026-06-16T11:51:24+00:00,270.0,2263.079024080826,0.794387,53.21390300000002,3515.462453449984,60012.805654,0.0,146.1797652999936,39274,0.09782553343178693,3842,35432,13,1000,39274,24.324519930017576,97.76458765111111,0.0,74.66666666666667
A1,1000,rep18,2026-06-16T12:16:27+00:00,2026-06-16T12:20:58+00:00,271.0,2302.172950736647,1.104971,53.6226646,4442.061980900023,60007.040031,0.0,145.36348853104803,39203,0.0971864398132796,3810,35393,12,1000,39203,20.03237880671859,97.28460515,0.0,77.29585453332221
A1,1000,rep19,2026-06-16T12:46:01+00:00,2026-06-16T12:50:31+00:00,270.0,2326.1680359192287,1.0987464999999998,53.66259390000001,5236.37962259998,60012.451435,0.0,145.45440174614671,39224,0.09695594533958801,3803,35421,6,1000,39224,13.441085549230527,96.82706985,0.0,63.441488030694806
A1,1000,rep20,2026-06-16T13:15:34+00:00,2026-06-16T13:20:05+00:00,271.0,2274.298730975202,1.030445,53.418786700000005,4229.505640349993,60008.648039,0.0,145.42910087079582,39224,0.0976442994085254,3830,35394,7,1000,39224,51.84555766011528,101.57115865202952,0.0,79.38333333333333
A1,1000,rep21,2026-06-17T10:18:30+00:00,2026-06-17T10:23:00+00:00,270.0,2197.9893756204406,1.128546,53.694277199999995,3059.104242799999,60014.733788,0.0,145.92835529275158,39237,0.09926854754440961,3895,35342,9,1000,39237,48.22717439153316,93.01657551666666,0.0,77.28909036365454
A1,1000,rep22,2026-06-17T10:48:05+00:00,2026-06-17T10:52:36+00:00,271.0,2293.791285424607,1.090532,53.3851396,4125.449918999469,60001.009287,0.0,145.65249469140815,39265,0.09700751305233668,3809,35456,10,1000,39265,44.415125674227156,92.4573049,0.0,75.6463719766472
A1,1000,rep23,2026-06-17T11:17:39+00:00,2026-06-17T11:22:09+00:00,270.0,2269.878252747419,1.116467,53.2327612,3300.2772006000023,60011.246897,0.0,146.07366441000474,39243,0.09749509466656474,3826,35417,2,1000,39243,36.66711014183156,91.77919485666666,0.0,77.96940937067369
A1,1000,rep24,2026-06-17T11:47:11+00:00,2026-06-17T11:51:42+00:00,271.0,2315.73275719647,1.038668,53.5467225,4987.191412,60064.165395,0.0,145.7278242388674,39226,0.0969764951817672,3804,35422,8,1000,39226,30.679703760454252,91.13688896666666,0.0,75.05
A1,1000,rep25,2026-06-17T12:16:44+00:00,2026-06-17T12:21:14+00:00,270.0,2256.697252808492,1.103492,53.46117490000002,2721.4669031500043,60014.584317,0.0,146.57312436859263,39308,0.09781723822122723,3845,35463,8,1000,39308,22.550083970899156,90.49174163419754,0.0,77.075
A1,1000,rep26,2026-06-18T10:36:58+00:00,2026-06-18T10:41:27+00:00,269.0,2279.43355082292,0.8696855,53.39404270000001,3536.8234691499706,60014.66495,0.0,146.37709339701968,39264,0.09734107579462102,3822,35442,13,1000,39264,27.30557620817843,100.31705809591078,0.0,77.425
A1,1000,rep27,2026-06-18T11:06:31+00:00,2026-06-18T11:11:02+00:00,271.0,2290.806675965612,0.9216305,53.475849600000004,4459.6428204999465,60008.417818,0.0,145.44622390673672,39232,0.09747145187601958,3824,35408,14,1000,39232,22.532927429274288,99.90008380848708,0.0,76.04166666666666
A1,1000,rep28,2026-06-18T11:36:05+00:00,2026-06-18T11:40:36+00:00,271.0,2240.6217315550703,0.785351,53.2675084,3124.6892049998314,60017.282448,0.0,145.78364541888098,39297,0.09817543323917856,3858,35439,3,1000,39297,16.716666666666665,99.98164461666667,0.0,77.25
A1,1000,rep29,2026-06-18T12:05:38+00:00,2026-06-18T12:10:08+00:00,270.0,2282.465492989917,0.819152,53.270356199999995,4863.646552099681,60002.163976,0.0,146.3561329022005,39255,0.0973124442746147,3820,35435,4,1000,39255,47.80369135802469,104.79538093419752,0.0,76.79166666666667
A1,1000,rep30,2026-06-18T12:35:11+00:00,2026-06-18T12:39:40+00:00,269.0,2266.650100208012,0.837154,53.08714620000001,2873.2723253500585,60007.956377,0.0,146.4734753203799,39338,0.0972088057349128,3824,35514,13,1000,39338,57.19333333333334,104.54614791666667,0.0,77.25
A1,2000,rep01,2026-06-24T02:35:41+00:00,2026-06-24T02:40:13+00:00,272.0,2480.0472454434444,0.546801,53.299151599999995,7882.193433699891,60029.076416,0.0,171.2380926914094,46235,0.22891748675246026,10584,35651,18,2000,46196,57.69885264106564,85.67527287126225,0.0,78.43022868191213
A1,2000,rep02,2026-06-24T02:42:16+00:00,2026-06-24T02:46:47+00:00,271.0,2485.087396933636,0.548709,53.085245,8137.944858,60019.841335,0.0,171.33457530312822,46261,0.22695142776853072,10499,35762,17,2000,46220,36.29683831126588,77.64993346666667,0.0,77.71796196603276
A1,2000,rep03,2026-06-24T02:48:50+00:00,2026-06-24T02:53:21+00:00,271.0,2453.9794281953527,0.547732,53.265284699999995,8505.288316249842,60048.960191,0.0,171.21998257226454,46230,0.22857451871079384,10567,35663,19,2000,46177,45.454807037082084,74.83767868499385,0.0,77.10175333433237
A1,2000,rep04,2026-06-24T02:55:24+00:00,2026-06-24T02:59:55+00:00,271.0,2428.384701038369,0.551691,53.3959048,7680.891991899995,60001.621403,0.0,171.38588111618677,46275,0.22876283090221503,10586,35689,18,2000,46229,59.02654713684628,72.13483763333333,0.0,77.10175333433237
A1,2000,rep05,2026-06-24T03:01:58+00:00,2026-06-24T03:06:30+00:00,272.0,2565.569596318895,0.5563545,53.1171595,8706.033977,60001.975737,0.0,171.05616111414372,46186,0.2267786775213268,10474,35712,18,2000,46155,37.27397402468586,63.125740797426474,0.0,76.7145454848773
A1,2000,rep06,2026-06-12T03:35:36+00:00,2026-06-12T03:40:07+00:00,271.0,2479.5884184949414,0.6134355,53.4808229,7894.072819550026,60018.260075,0.0,170.87817426795667,46138,0.22883523343014434,10558,35580,19,2000,46085,57.47586481604011,114.68041762933579,0.0,77.4530410702966
A1,2000,rep07,2026-06-12T04:00:10+00:00,2026-06-12T04:04:42+00:00,272.0,2639.1201453945537,0.631333,53.5691544,14958.644817399998,60017.097164,0.0,170.61473853382054,46067,0.22608374758503919,10415,35652,17,2000,46018,59.701803558832715,113.78050041666667,0.0,78.85833333333332
A1,2000,rep08,2026-06-12T04:24:45+00:00,2026-06-12T04:29:16+00:00,271.0,2551.1033365252833,0.6238600000000001,53.6965132,8990.588450999987,60064.633336,0.0,170.88563049611682,46140,0.22769830949284786,10506,35634,17,2000,46119,54.366861318477035,112.02939939311194,0.0,73.11752755853067
A1,2000,rep09,2026-06-12T04:49:19+00:00,2026-06-12T04:53:50+00:00,271.0,2592.3379516115942,0.6197440000000001,53.773684100000004,14682.508439349998,60015.338595,0.0,170.75274842780271,46104,0.22624934929724103,10431,35673,19,2000,46063,53.56643035464687,110.90561185,0.0,76.74872085465242
A1,2000,rep10,2026-06-12T05:13:53+00:00,2026-06-12T05:18:25+00:00,272.0,2599.598459255845,0.62812,53.812823,15237.369736600001,60199.458982,0.0,170.6744052888248,46083,0.22652605082134408,10439,35644,18,2000,46058,43.366581909419594,109.10122941501224,0.0,75.44166666666666
A1,2000,rep11,2026-06-13T18:38:52+00:00,2026-06-13T18:43:23+00:00,271.0,2720.7840149419126,0.63727,53.780922,18537.438561,60025.49249,0.0,170.07404499263828,45921,0.2258661614511879,10372,35549,17,2000,45863,48.68199313391278,103.20498028191881,0.0,77.29742341921936
A1,2000,rep12,2026-06-13T19:08:27+00:00,2026-06-13T19:12:59+00:00,272.0,2769.6995561374456,0.668335,53.848003399999996,39262.8674313999,60013.382542,0.0,170.0147530941057,45905,0.2249646008060124,10327,35578,18,2000,45844,47.121246804226985,102.87831886666666,0.0,76.2820619656339
A1,2000,rep13,2026-06-13T19:38:04+00:00,2026-06-13T19:42:35+00:00,271.0,2539.883454991088,0.691816,53.6594645,10040.833056449985,60018.474186,0.0,170.67945140997207,46084,0.22858258831698638,10534,35550,17,2000,46056,42.23825811001623,101.93025941666667,0.0,78.875
A1,2000,rep14,2026-06-13T20:07:39+00:00,2026-06-13T20:12:10+00:00,271.0,2501.3164803979985,0.694197,53.640497,7282.394996899966,60019.967795,0.0,171.12935180101945,46207,0.2283853095851278,10553,35654,17,2000,46164,34.41510705326404,101.27970809354242,0.0,77.8689889436526
A1,2000,rep15,2026-06-13T20:37:15+00:00,2026-06-13T20:41:46+00:00,271.0,2727.2549358461592,0.69894,53.8820115,15371.436829649989,60010.785177,0.0,170.0042510071103,45902,0.22576358328613133,10363,35539,18,2000,45861,29.221068637706672,100.7980192,0.0,74.5113057377868
A1,2000,rep16,2026-06-24T03:08:33+00:00,2026-06-24T03:13:04+00:00,271.0,2522.574892096266,0.5591885,53.1984422,7920.9113082499925,60001.202252,0.0,171.4108931132444,46282,0.22710773086729183,10511,35771,19,2000,46213,41.40746451216596,60.70704381703567,0.0,76.30960516008601
A1,2000,rep17,2026-06-24T03:15:07+00:00,2026-06-24T03:19:38+00:00,271.0,2675.713455577334,0.557357,53.3429902,14761.089013599978,60014.160256,0.0,170.58570747302613,46059,0.22503745196378558,10365,35694,19,2000,45968,59.54519055588797,58.022565766666666,0.0,76.27754258475282
A1,2000,rep18,2026-06-24T03:21:42+00:00,2026-06-24T03:26:13+00:00,271.0,2551.3685584780037,0.561319,53.4008821,9630.239915098146,60023.991798,0.0,170.81187626725207,46120,0.22671292281006072,10456,35664,18,2000,46089,34.38264991132446,48.85450279028291,0.0,77.27144070195301
A1,2000,rep19,2026-06-24T03:28:16+00:00,2026-06-24T03:32:47+00:00,271.0,2351.86659977191,0.5437215,53.1249,5986.469188,60001.814826,0.0,171.8345483489998,46396,0.22995516854901285,10669,35727,18,2000,46345,37.44282910397152,46.59327846666667,0.0,77.27144070195301
A1,2000,rep20,2026-06-24T03:34:50+00:00,2026-06-24T03:39:21+00:00,271.0,2605.3482469544942,0.560685,53.5118706,14539.342032199891,60117.017194,0.0,170.97883962030548,46165,0.22621033250297845,10443,35722,18,2000,46118,59.000820165764594,43.570705463468634,0.0,76.21666666666665
A1,2000,rep21,2026-06-24T03:41:25+00:00,2026-06-24T03:45:56+00:00,271.0,2494.7676190206253,0.540063,53.3177278,8538.146612099994,60001.24836,0.0,171.15965340088707,46214,0.22878348552386724,10573,35641,18,2000,46184,35.01169678939385,34.8462961,0.0,73.81321078308939
A1,2000,rep22,2026-06-24T03:47:59+00:00,2026-06-24T03:52:30+00:00,271.0,2607.8825361037952,0.552803,53.5137662,14440.243253299119,60027.980045,0.0,170.79353767892755,46115,0.22623875094871518,10433,35682,18,2000,46065,38.72719255868169,32.064689576691265,0.0,77.94132338739219
A1,2000,rep23,2026-06-24T03:54:33+00:00,2026-06-24T03:59:04+00:00,271.0,2481.1754624262803,0.560484,53.09470270000001,8262.737760049986,60001.943365,0.0,171.2338110998498,46234,0.22762469178526626,10524,35710,18,2000,46208,56.49282860428118,29.659294054305043,0.0,77.94132338739219
A1,2000,rep24,2026-06-24T04:01:07+00:00,2026-06-24T04:05:39+00:00,272.0,2493.025586103507,0.548469,53.306275899999996,9934.672602349985,60001.678356,0.0,171.36692561082344,46270,0.22688567106116275,10498,35772,18,2000,46217,35.951331677264804,20.8133047,0.0,75.83618316790391
A1,2000,rep25,2026-06-24T04:07:42+00:00,2026-06-24T04:12:13+00:00,271.0,2426.176745939309,0.5426925,53.2426139,7474.027434350007,60011.173929,0.0,171.32260276236428,46258,0.22940896709758313,10612,35646,19,2000,46199,26.652304704187085,17.942966450061498,0.0,74.75
A1,2000,rep26,2026-06-18T18:39:14+00:00,2026-06-18T18:43:45+00:00,271.0,2667.9498059637267,0.610786,53.8892541,15408.88289315,60020.60397,0.0,170.40482441486571,46010,0.22560312975440122,10380,35630,17,2000,45960,52.65974939306567,103.12284911666667,0.0,75.49166666666666
A1,2000,rep27,2026-06-18T18:58:13+00:00,2026-06-18T19:02:44+00:00,271.0,2616.5542413470803,0.536992,53.349973799999994,14874.456404199997,60013.271775,0.0,170.60831977448984,46065,0.22594160425485726,10408,35657,17,2000,46018,40.845160312825655,99.69584005,0.0,78.80652260904363
A1,2000,rep28,2026-06-18T19:08:48+00:00,2026-06-18T19:13:20+00:00,272.0,2514.8592265569478,0.5316110000000001,53.23425890000001,7314.338724899992,60007.345807,0.0,171.07845383068278,46192,0.22874090751645307,10566,35626,18,2000,46147,45.07933823529412,96.38514879240196,0.0,78.61666666666666
A1,2000,rep29,2026-06-18T19:27:47+00:00,2026-06-18T19:32:18+00:00,271.0,2548.0606891261586,0.5238955000000001,53.2368752,8855.64085064993,60004.75158,0.0,170.78199632603906,46112,0.2278582581540597,10507,35605,19,2000,46070,33.19266168273184,93.01812533499384,0.0,79.925
A1,2000,rep30,2026-06-18T19:38:23+00:00,2026-06-18T19:42:54+00:00,271.0,2613.4485328893734,0.566902,53.293513000000004,14999.1458485,60015.344278,0.0,170.7594381580245,46106,0.2267383854595931,10454,35652,17,2000,46060,42.436666666666675,89.93856808333334,0.0,77.875
