arquitetura,carga_vus,replica,inicio,fim,duracao_s,lat_avg_ms,lat_med_ms,lat_p90_ms,lat_p95_ms,lat_max_ms,lat_min_ms,throughput_rps,total_reqs,taxa_erro,reqs_falhas,reqs_sucesso,vus_min,vus_max_atingido,iterations,cpu_util_pct,cpu_credit_balance,cpu_surplus_credit,cpu_util_peak_pct,cpu_util_pct_ec2_1,cpu_credit_balance_ec2_1,cpu_surplus_credit_ec2_1,cpu_util_peak_pct_ec2_1,cpu_util_pct_ec2_2,cpu_credit_balance_ec2_2,cpu_surplus_credit_ec2_2,cpu_util_peak_pct_ec2_2,cpu_util_pct_media_instancias,cpu_util_pct_max_instancia,alb_target_response_time_p95_ms,alb_active_connections,alb_healthy_host_count
A1,100,rep01,2026-06-09T22:04:25+00:00,2026-06-09T22:08:27+00:00,242.0,16.297802461850676,0.807141,51.429905000000005,52.4430229,101.680495,0.288069,85.86320821150147,20695,0.0,0,20695,2,100,20695,43.40828143228071,69.923087,0.0,60.73168290404377,,,,,,,,,,,,,
A1,100,rep02,2026-06-09T22:33:30+00:00,2026-06-09T22:37:31+00:00,241.0,16.173716436938328,0.804986,51.4791736,52.48399795,259.399934,0.30549,85.86210998637829,20694,0.0,0,20694,2,100,20694,37.74517563155946,70.46176971666667,0.0,60.78258409200605,,,,,,,,,,,,,
A1,100,rep03,2026-06-09T23:02:35+00:00,2026-06-09T23:06:36+00:00,241.0,16.116386212332028,0.7352825000000001,51.4836283,52.47562675,128.397922,0.280029,85.87118708140967,20694,0.0,0,20694,1,100,20694,26.12495179478442,70.9938426,0.0,62.38333333333333,,,,,,,,,,,,,
A1,100,rep04,2026-06-09T23:31:39+00:00,2026-06-09T23:35:41+00:00,242.0,16.122735839718015,0.732203,51.397634,52.460539,80.266048,0.288478,85.87847552358718,20701,0.0,0,20701,2,100,20701,15.117585819778489,71.57353508333334,0.0,58.86270918324869,,,,,,,,,,,,,
A1,100,rep05,2026-06-10T00:00:44+00:00,2026-06-10T00:04:46+00:00,242.0,16.451887987288455,0.7591935000000001,51.38457150000001,52.3865417,1836.263373,0.278641,85.84690683674246,20690,0.0,0,20690,2,100,20690,39.330423172310965,76.07702106666666,0.0,62.52919586252919,,,,,,,,,,,,,
A1,100,rep06,2026-06-11T11:36:12+00:00,2026-06-11T11:40:14+00:00,242.0,16.56747858113015,0.71119,51.4199898,52.376155,1934.571453,0.26643,85.83236428110045,20689,0.0,0,20689,2,100,20689,10.628333333333334,107.04128133333332,0.0,52.53333333333333,,,,,,,,,,,,,
A1,100,rep07,2026-06-11T12:05:17+00:00,2026-06-11T12:09:19+00:00,242.0,16.01076768800105,0.688916,51.3654261,52.3426285,77.009728,0.269912,85.9011249030715,20702,0.0,0,20702,2,100,20702,43.76520378117412,111.94120213333332,0.0,62.55,,,,,,,,,,,,,
A1,100,rep08,2026-06-11T12:34:22+00:00,2026-06-11T12:38:23+00:00,241.0,16.133025955597446,0.687132,51.3210652,52.3362896,100.717472,0.285155,85.86490388918125,20697,0.0,0,20697,2,100,20697,43.73166666666667,112.6912874,0.0,62.875,,,,,,,,,,,,,
A1,100,rep09,2026-06-11T13:03:26+00:00,2026-06-11T13:07:28+00:00,242.0,16.097267910276752,0.689229,51.3774348,52.3588458,104.430231,0.267683,85.87672126778324,20697,0.0,0,20697,2,100,20697,37.62666786113103,113.16883145,0.0,61.61666666666666,,,,,,,,,,,,,
A1,100,rep10,2026-06-11T13:32:31+00:00,2026-06-11T13:36:33+00:00,242.0,16.426441257841468,0.727621,51.498537,52.402137,125.182163,0.26935,85.83709020166555,20691,0.0,0,20691,2,100,20691,27.03666666666667,113.61543993333332,0.0,62.15833333333334,,,,,,,,,,,,,
A1,100,rep11,2026-06-12T10:18:30+00:00,2026-06-12T10:22:32+00:00,242.0,15.956912803149562,0.661658,51.281392,52.21642,108.564674,0.282302,85.88446019444518,20701,0.0,0,20701,2,100,20701,41.490970373336005,113.46657481666666,0.0,60.94651853334668,,,,,,,,,,,,,
A1,100,rep12,2026-06-12T10:47:35+00:00,2026-06-12T10:51:37+00:00,242.0,16.16101034182044,0.6487915,51.2135261,52.22178354999999,75.859391,0.26209,85.88786043840089,20698,0.0,0,20698,1,100,20698,30.15995806206603,113.8427287,0.0,61.2,,,,,,,,,,,,,
A1,100,rep13,2026-06-12T11:16:40+00:00,2026-06-12T11:20:42+00:00,242.0,15.925696565887298,0.6430875,51.1957925,52.23118125,102.300792,0.281647,85.90181597285287,20702,0.0,0,20702,2,100,20702,18.63674834231615,114.5241073,0.0,59.67030222296228,,,,,,,,,,,,,
A1,100,rep14,2026-06-12T11:45:45+00:00,2026-06-12T11:49:46+00:00,241.0,16.133982240073305,0.633162,51.268775600000005,52.261031,129.882136,0.270976,85.89341115087883,20702,0.0,0,20702,2,100,20702,36.62649903913497,119.47711685,0.0,62.6,,,,,,,,,,,,,
A1,100,rep15,2026-06-12T12:11:27+00:00,2026-06-12T12:15:29+00:00,242.0,16.091958002463404,0.6419,51.4145776,52.3563461,87.614542,0.252793,85.89652251931899,20703,0.0,0,20703,2,100,20703,16.075981299528188,116.7313197,0.0,61.19674373602909,,,,,,,,,,,,,
A1,100,rep16,2026-06-15T21:51:12+00:00,2026-06-15T21:55:14+00:00,242.0,16.665067943104365,0.489671,52.3414872,54.0559512,125.334953,0.194479,85.82522001457782,20687,0.0,0,20687,2,100,20687,8.006656758422007,100.36292468333332,0.0,39.79166666666666,,,,,,,,,,,,,
A1,100,rep17,2026-06-15T22:20:17+00:00,2026-06-15T22:24:19+00:00,242.0,16.60130829800913,0.4833655,52.2062954,53.84307229999999,115.020034,0.189717,85.85091446015365,20694,0.0,0,20694,2,100,20694,45.01614318519397,105.23111243333334,0.0,63.76666666666667,,,,,,,,,,,,,
A1,100,rep18,2026-06-15T22:49:22+00:00,2026-06-15T22:53:24+00:00,242.0,16.6675371000096,0.476554,52.2701313,53.96338164999999,127.356524,0.180841,85.823895146549,20688,0.0,0,20688,2,100,20688,44.34423885080314,105.96130536666666,0.0,63.32394460092331,,,,,,,,,,,,,
A1,100,rep19,2026-06-15T23:18:26+00:00,2026-06-15T23:22:28+00:00,242.0,16.322643664202072,0.46874,52.1153425,53.68562835,149.568413,0.17972,85.8489806538211,20694,0.0,0,20694,2,100,20694,35.6104522524045,106.30503968333332,0.0,63.32394460092331,,,,,,,,,,,,,
A1,100,rep20,2026-06-15T23:47:31+00:00,2026-06-15T23:51:33+00:00,242.0,16.323005718185133,0.468872,52.2731762,54.01976919999999,134.236031,0.180743,85.87410776744672,20698,0.0,0,20698,2,100,20698,23.818330569442526,106.65316041666668,0.0,61.89166666666666,,,,,,,,,,,,,
A1,100,rep21,2026-06-16T23:44:19+00:00,2026-06-16T23:48:21+00:00,242.0,16.324396696771995,0.6364179999999999,51.3773957,52.33251595,84.357779,0.220842,85.853622764366,20694,0.0,0,20694,2,100,20694,43.20561508639387,88.02252043333333,0.0,62.43333333333332,,,,,,,,,,,,,
A1,100,rep22,2026-06-16T23:58:38+00:00,2026-06-17T00:02:40+00:00,242.0,16.807248780023176,0.5502365,52.4629629,54.29211205,148.988852,0.231294,85.81605580322228,20684,0.0,0,20684,2,100,20684,41.75716530823399,84.93680363333333,0.0,62.34166666666666,,,,,,,,,,,,,
A1,100,rep23,2026-06-17T00:27:43+00:00,2026-06-17T00:31:45+00:00,242.0,16.532982463244835,0.542972,52.327256,54.2386625,170.809871,0.239301,85.84094032790674,20691,0.0,0,20691,2,100,20691,31.002919364639,85.37694418333334,0.0,62.15343113583001,,,,,,,,,,,,,
A1,100,rep24,2026-06-17T00:56:48+00:00,2026-06-17T01:00:50+00:00,242.0,16.651565645370162,0.5591245,52.3847213,54.01312815,151.535094,0.233436,85.84242162113495,20692,0.0,0,20692,2,100,20692,19.57590628551641,85.3963557,0.0,60.413301583601154,,,,,,,,,,,,,
A1,100,rep25,2026-06-17T01:25:53+00:00,2026-06-17T01:29:55+00:00,242.0,16.521014103024957,0.548514,52.2556523,53.83242815,128.304633,0.237955,85.84994013902282,20694,0.0,0,20694,2,100,20694,36.33668377574719,89.52379568333333,0.0,64.21666666666665,,,,,,,,,,,,,
A1,100,rep26,2026-06-17T18:59:22+00:00,2026-06-17T19:03:24+00:00,242.0,16.363627163509758,0.7204055,51.3525905,52.32278175,71.918507,0.295551,85.87472075671963,20696,0.0,0,20696,2,100,20696,44.406297155762886,85.69047263333333,0.0,62.754387135517455,,,,,,,,,,,,,
A1,100,rep27,2026-06-17T19:28:27+00:00,2026-06-17T19:32:29+00:00,242.0,16.259877906991377,0.677508,51.383635600000005,52.3811252,124.38983,0.274478,85.86320631633062,20697,0.0,0,20697,2,100,20697,40.39333333333334,86.13554533333334,0.0,61.30833333333334,,,,,,,,,,,,,
A1,100,rep28,2026-06-17T19:57:32+00:00,2026-06-17T20:01:34+00:00,242.0,16.460666597777212,0.700758,51.4730648,52.4500985,172.423346,0.277548,85.8561935960756,20695,0.0,0,20695,2,100,20695,29.497751066633395,85.94157865,0.0,60.26990508282315,,,,,,,,,,,,,
A1,100,rep29,2026-06-17T20:26:37+00:00,2026-06-17T20:30:38+00:00,241.0,16.20676354487933,0.719516,51.39127940000001,52.3644834,110.565933,0.282032,85.88400199748266,20700,0.0,0,20700,2,100,20700,18.44831582056801,86.49272194999999,0.0,60.30833333333332,,,,,,,,,,,,,
A1,100,rep30,2026-06-17T20:55:42+00:00,2026-06-17T20:59:43+00:00,241.0,16.43309521311558,0.740027,51.433641,52.3828734,81.697163,0.289673,85.84757256049882,20693,0.0,0,20693,2,100,20693,37.14838058872759,91.45180365,0.0,62.43755411976287,,,,,,,,,,,,,
A1,500,rep01,2026-06-10T01:15:21+00:00,2026-06-10T01:19:38+00:00,257.0,1869.3829693060345,1.5766785,52.9150075,56.6442955,60014.954647,0.0,138.7957764106266,35456,0.0221683212996389,786,34670,8,500,35456,58.33414981142293,85.45425895,0.0,76.73333333333332,,,,,,,,,,,,,
A1,500,rep02,2026-06-10T01:44:41+00:00,2026-06-10T01:48:57+00:00,256.0,1871.6420451842605,1.584854,52.9513342,57.48569459999998,60038.476425,0.0,138.65098840134075,35419,0.0221632457155763,785,34634,8,500,35419,58.06511238790085,84.618518,0.0,76.02548918211086,,,,,,,,,,,,,
A1,500,rep03,2026-06-10T02:14:01+00:00,2026-06-10T02:18:18+00:00,257.0,1867.0756550851995,1.4873795,52.9721796,56.96572599999999,60004.891374,0.0,138.85638962903084,35454,0.0220567495910193,782,34672,7,500,35454,49.59755948633624,83.90644405,0.0,76.39745341821938,,,,,,,,,,,,,
A1,500,rep04,2026-06-10T02:43:21+00:00,2026-06-10T02:47:38+00:00,257.0,1867.2651532737443,1.51549,52.9534302,56.84377580000002,60010.396905,0.0,138.78803063243228,35453,0.0220855780893013,783,34670,8,500,35453,40.956043632680185,83.17184763333333,0.0,77.50833333333334,,,,,,,,,,,,,
A1,500,rep05,2026-06-10T03:12:41+00:00,2026-06-10T03:16:57+00:00,256.0,1871.3569219921735,1.616438,52.9746042,57.0433975,60019.720689,0.0,138.687765034316,35427,0.0221017867728004,783,34644,7,500,35427,31.439739809892064,82.27100865,0.0,78.05703238279362,,,,,,,,,,,,,
A1,500,rep06,2026-06-11T23:27:55+00:00,2026-06-11T23:32:12+00:00,257.0,1869.8697611272707,1.4578125,52.902601,56.59518570000001,60001.213543,0.0,138.72056740707447,35438,0.0221795812404763,786,34652,8,500,35438,32.20054706949715,115.18386623508432,0.0,76.30833333333334,,,,,,,,,,,,,
A1,500,rep07,2026-06-11T23:57:15+00:00,2026-06-12T00:01:33+00:00,258.0,2155.7428903162327,1.7205395,53.9686858,108.77846944999231,60057.852472,0.262966,129.40361072214176,33262,0.0266069388491371,885,32377,1,500,33262,17.042251863017324,114.82300455,0.0,51.527990925468735,,,,,,,,,,,,,
A1,500,rep08,2026-06-12T00:26:36+00:00,2026-06-12T00:30:52+00:00,256.0,1870.3740188098332,1.480565,53.1117154,56.64316380000001,60012.27026,0.0,138.7792250170028,35453,0.0221137844470143,784,34669,8,500,35453,13.882948166056076,114.3416763,0.0,66.88296523653834,,,,,,,,,,,,,
A1,500,rep09,2026-06-12T00:55:55+00:00,2026-06-12T01:00:11+00:00,256.0,1870.9095183515824,1.484359,52.7721819,55.92890075,60001.055626,0.0,138.75827097744582,35448,0.0221451139697585,785,34663,8,500,35448,53.7086537665535,119.0190556282552,0.0,80.40967349455825,,,,,,,,,,,,,
A1,500,rep10,2026-06-12T01:25:14+00:00,2026-06-12T01:29:31+00:00,257.0,1872.434195429852,1.5233715,52.901814,56.3468165,60034.853494,0.0,138.72175978412102,35436,0.0221808330511344,786,34650,8,500,35436,60.8467516605028,118.92168481666668,0.0,76.04981079233833,,,,,,,,,,,,,
A1,500,rep11,2026-06-12T12:43:17+00:00,2026-06-12T12:47:34+00:00,257.0,1873.737854300265,1.575911,53.1286316,56.995265000000025,60014.203555,0.0,138.66402563420368,35413,0.0221670008189083,785,34628,8,500,35413,42.44575879490704,119.71323625,0.0,77.16260094912997,,,,,,,,,,,,,
A1,500,rep12,2026-06-12T13:12:37+00:00,2026-06-12T13:16:53+00:00,256.0,1871.7208561798948,1.5410845,52.988106,57.5053445,60023.030996,0.0,138.73284153957044,35436,0.0221526131617564,785,34651,8,500,35436,32.0570897078786,118.85540041666668,0.0,76.6452581533072,,,,,,,,,,,,,
A1,500,rep13,2026-06-12T13:41:56+00:00,2026-06-12T13:46:12+00:00,256.0,1876.5422489893017,1.51015,52.8931871,56.47131714999999,60004.863882,0.0,138.63527425321135,35410,0.0222818412877718,789,34621,8,500,35410,20.77467975864975,117.98270081901042,0.0,74.96916563885463,,,,,,,,,,,,,
A1,500,rep14,2026-06-12T14:11:16+00:00,2026-06-12T14:15:32+00:00,256.0,1867.5316179003585,1.554274,53.1658526,57.9150388,60016.400494,0.0,138.78848917967105,35457,0.0221394929069013,785,34672,8,500,35457,11.14499927666606,117.28466956666666,0.0,54.87469819332279,,,,,,,,,,,,,
A1,500,rep15,2026-06-12T14:40:35+00:00,2026-06-12T14:44:51+00:00,256.0,1869.882097762912,1.575099,53.1423012,57.400383000000026,60007.182195,0.0,138.71595034117203,35433,0.0222109333107555,787,34646,8,500,35433,55.89201166650016,121.95133493333331,0.0,75.80172499916748,,,,,,,,,,,,,
A1,500,rep16,2026-06-16T00:49:08+00:00,2026-06-16T00:53:25+00:00,257.0,1953.1032974455572,1.68296,53.6039383,58.67536094999998,60008.688019,0.0,135.8746756317579,34692,0.0247607517583304,859,33833,8,500,34692,54.86043371182426,106.81829018333332,0.0,76.62474144258357,,,,,,,,,,,,,
A1,500,rep17,2026-06-16T01:18:27+00:00,2026-06-16T01:22:44+00:00,257.0,1870.3521299117488,1.553187,52.974749800000005,56.3785118,60006.423777,0.0,138.77440214090876,35445,0.0221469882917195,785,34660,8,500,35445,52.97166769446157,105.97470878333333,0.0,78.65833333333332,,,,,,,,,,,,,
A1,500,rep18,2026-06-16T01:47:47+00:00,2026-06-16T01:52:03+00:00,256.0,1874.430114331672,1.547997,52.818195800000005,56.20701079999999,60001.60478,0.0,138.6838514405099,35424,0.0222165763324299,787,34637,8,500,35424,43.92345904656548,104.95637058841146,0.0,78.77631293854898,,,,,,,,,,,,,
A1,500,rep19,2026-06-16T01:59:41+00:00,2026-06-16T02:03:58+00:00,257.0,1871.0502318243648,1.6256325,53.005334000000005,56.27167,60005.22173,0.0,138.7693961014174,35446,0.022089939626474,783,34663,8,500,35446,57.13477833702772,104.05152416666668,0.0,77.43333333333334,,,,,,,,,,,,,
A1,500,rep20,2026-06-16T02:29:01+00:00,2026-06-16T02:33:18+00:00,257.0,1872.8624657220785,1.5764255,52.9105959,56.39651259999997,60002.926361,0.0,138.73688715778013,35430,0.0221563646627152,785,34645,7,500,35430,58.83833333333333,103.25168191666668,0.0,78.16666666666666,,,,,,,,,,,,,
A1,500,rep21,2026-06-17T02:38:33+00:00,2026-06-17T02:42:49+00:00,256.0,1874.7280307094188,1.607955,53.11040490000001,56.34597295,60003.547589,0.0,138.62511224342867,35412,0.0222241048232237,787,34625,8,500,35412,54.685,94.84714286666669,0.0,79.36666666666666,,,,,,,,,,,,,
A1,500,rep22,2026-06-17T03:07:53+00:00,2026-06-17T03:12:09+00:00,256.0,1872.9886603331408,1.7098179999999998,53.9371837,58.66189524999997,60010.173325,0.0,138.47721189048198,35400,0.0221186440677966,783,34617,8,500,35400,31.6184852230898,92.7040721798828,0.0,76.83851086865994,,,,,,,,,,,,,
A1,500,rep23,2026-06-17T03:37:12+00:00,2026-06-17T03:41:29+00:00,257.0,1865.512516042688,1.515804,52.804212,55.69753560000001,60009.549231,0.0,138.8562940626869,35453,0.0220855780893013,783,34670,8,500,35453,21.68,93.17477928333334,0.0,76.225,,,,,,,,,,,,,
A1,500,rep24,2026-06-17T04:06:32+00:00,2026-06-17T04:10:48+00:00,256.0,1869.4321519517505,1.618158,52.9561936,56.11516979999995,60014.495412,0.0,138.7663569497861,35455,0.0219997179523339,780,34675,8,500,35455,11.89833333333333,92.14220205,0.0,58.69166666666666,,,,,,,,,,,,,
A1,500,rep25,2026-06-17T04:35:52+00:00,2026-06-17T04:40:08+00:00,256.0,1866.0681523794613,1.525159,52.817183,56.0125542,60003.961696,0.0,138.81356996351406,35459,0.022025437829606,781,34678,8,500,35459,55.76874999999999,96.68756189791664,0.0,78.99166666666667,,,,,,,,,,,,,
A1,500,rep26,2026-06-18T00:13:15+00:00,2026-06-18T00:17:32+00:00,257.0,1942.7965448188547,1.5262915,53.2160664,57.639342299999946,60004.678197,0.0,136.27491466481467,34800,0.0245114942528735,853,33947,8,500,34800,39.28316092096282,90.26908375,0.0,78.03333333333333,,,,,,,,,,,,,
A1,500,rep27,2026-06-18T00:42:35+00:00,2026-06-18T00:46:51+00:00,256.0,1870.1171028107813,1.3855849999999998,52.777166900000005,56.00254059999999,60025.146479,0.0,138.75175940567095,35440,0.022178329571106,786,34654,8,500,35440,29.249026675423316,89.2676984,0.0,77.17073984485778,,,,,,,,,,,,,
A1,500,rep28,2026-06-18T01:11:54+00:00,2026-06-18T01:16:10+00:00,256.0,1872.8547212065075,1.5406844999999998,53.0040369,56.53820459999999,60011.47807,0.0,138.7293892922134,35432,0.0222115601715962,787,34645,8,500,35432,18.054359658250203,88.38174880052084,0.0,79.17125412871584,,,,,,,,,,,,,
A1,500,rep29,2026-06-18T01:41:13+00:00,2026-06-18T01:45:30+00:00,257.0,1868.0323823251836,1.478167,52.7784805,56.00301255,60010.561041,0.0,138.83076912123676,35464,0.0221069253327317,784,34680,8,500,35464,7.942851513941632,88.26661548333334,0.0,39.00591124802264,,,,,,,,,,,,,
A1,500,rep30,2026-06-18T02:10:33+00:00,2026-06-18T02:14:49+00:00,256.0,1869.95611549668,1.49882,52.874131600000005,56.134748199999954,60006.535234,0.0,138.7699051136848,35445,0.022175201015658,786,34659,8,500,35445,58.08122535487587,93.0406619,0.0,78.49166666666667,,,,,,,,,,,,,
A1,1000,rep01,2026-06-24T01:23:35+00:00,2026-06-24T01:28:06+00:00,271.0,2235.184059970433,1.171441,53.52757879999999,3341.812690299992,60024.024698,0.0,145.84542166360583,39215,0.0984317225551447,3860,35355,4,1000,39215,42.73714085676248,134.59072317152524,0.0,77.94201061025659,,,,,,,,,,,,,
A1,1000,rep02,2026-06-24T01:30:10+00:00,2026-06-24T01:34:40+00:00,270.0,2291.1076684533714,1.021587,53.184298,4016.388025,60012.733452,0.0,145.87801953303602,39261,0.0970683375359771,3811,35450,1,1000,39261,60.0537748594298,131.84897081666668,0.0,76.89489809511123,,,,,,,,,,,,,
A1,1000,rep03,2026-06-24T01:36:43+00:00,2026-06-24T01:41:13+00:00,270.0,2300.3289339402645,1.175217,53.467755,4673.818659,60022.901505,0.0,145.66303272976316,39271,0.0966361946474497,3795,35476,4,1000,39271,34.73305707715482,122.58522331339506,0.0,78.0408054318269,,,,,,,,,,,,,
A1,1000,rep04,2026-06-24T01:43:17+00:00,2026-06-24T01:47:46+00:00,269.0,2240.2118045060333,1.0963545,53.368374200000005,2802.8080303999927,60014.446315,0.0,146.44711287915257,39274,0.0982329276366043,3858,35416,2,1000,39274,37.47801088964194,120.25759698333331,0.0,78.0408054318269,,,,,,,,,,,,,
A1,1000,rep05,2026-06-24T01:49:49+00:00,2026-06-24T01:54:19+00:00,270.0,2251.412588088186,1.064081,53.3945523,2988.5138301499933,60009.28043,0.0,145.75867507715245,39300,0.0979898218829516,3851,35449,5,1000,39300,57.13149901570779,117.31483533333332,0.0,77.38184608711609,,,,,,,,,,,,,
A1,1000,rep06,2026-06-24T01:56:22+00:00,2026-06-24T02:00:52+00:00,270.0,2230.0422620273325,0.992199,53.38842840000001,3106.254149299994,60010.268878,0.0,146.1561286404756,39259,0.0986015945388318,3871,35388,12,1000,39259,35.69659819864984,108.65534665,0.0,75.54040765987233,,,,,,,,,,,,,
A1,1000,rep07,2026-06-12T01:51:17+00:00,2026-06-12T01:55:47+00:00,270.0,2238.4123115882694,1.363376,53.7824342,2905.371519299973,60046.758614,0.0,146.2305996862847,39279,0.0980167519539703,3850,35429,13,1000,39279,8.437301203865264,112.84105761666666,0.0,41.36987672443992,,,,,,,,,,,,,
A1,1000,rep08,2026-06-12T02:20:51+00:00,2026-06-12T02:25:21+00:00,270.0,2340.5125848208622,1.438996,53.8353674,5486.0688362,60034.102854,0.0,145.11373173600188,39178,0.0966869161263974,3788,35390,11,1000,39178,52.72892739036968,117.23447766888889,0.0,77.75631525485821,,,,,,,,,,,,,
A1,1000,rep09,2026-06-12T02:50:25+00:00,2026-06-12T02:54:55+00:00,270.0,2265.7131263123365,1.329526,53.7272916,3422.474741899867,60133.024161,0.0,145.96000573153995,39250,0.0978598726114649,3841,35409,7,1000,39250,58.329281491965695,117.73274581666666,0.0,76.6464074598285,,,,,,,,,,,,,
A1,1000,rep10,2026-06-12T03:19:58+00:00,2026-06-12T03:24:27+00:00,269.0,2193.767745182753,1.271548,53.4072781,2367.5183944000178,60002.60267,0.0,146.88068909771124,39348,0.0985310562163261,3877,35471,1,1000,39348,54.10321195269473,117.11674533593556,0.0,78.47806177670469,,,,,,,,,,,,,
A1,1000,rep11,2026-06-24T02:02:55+00:00,2026-06-24T02:07:25+00:00,270.0,2269.9496412929902,1.134215,53.5428402,3757.2971882001616,60003.941722,0.0,146.35079603761082,39313,0.0975249917330145,3834,35479,13,1000,39313,37.90528055935,105.85842414320987,0.0,78.24166666666666,,,,,,,,,,,,,
A1,1000,rep12,2026-06-24T02:09:28+00:00,2026-06-24T02:13:58+00:00,270.0,2339.504129541666,1.133739,53.4119446,5467.382477899912,60001.891276,0.0,145.73510992413182,39215,0.0963661864082621,3779,35436,1,1000,39215,54.15995992135741,103.52030463333334,0.0,78.24166666666666,,,,,,,,,,,,,
A1,1000,rep13,2026-06-24T02:16:02+00:00,2026-06-24T02:20:33+00:00,271.0,2254.67246431811,1.223428,53.5650425,3088.0133558498383,60006.740152,0.0,145.60925654673952,39270,0.0980392156862745,3850,35420,13,1000,39270,34.07972679848314,94.73268016666668,0.0,75.80833333333334,,,,,,,,,,,,,
A1,1000,rep14,2026-06-24T02:22:36+00:00,2026-06-24T02:27:07+00:00,271.0,2288.000038243978,1.060516,53.532718200000005,4180.22137359967,60023.847053,0.0,145.59178300671093,39247,0.0976125563737355,3831,35416,13,1000,39247,36.97425748068586,91.8846868289668,0.0,77.675,,,,,,,,,,,,,
A1,1000,rep15,2026-06-24T02:29:10+00:00,2026-06-24T02:33:38+00:00,268.0,2251.479257754703,1.078188,53.5436868,2760.96682979992,60009.341779,0.0,146.90894956934068,39309,0.0975349156681675,3834,35475,7,1000,39309,49.20886299866136,89.35389215,0.0,77.59037752531572,,,,,,,,,,,,,
A1,1000,rep16,2026-06-16T11:17:20+00:00,2026-06-16T11:21:50+00:00,270.0,2237.970037053956,0.909393,53.14595700000001,3088.952343799991,60013.874932,0.0,145.9870218663722,39289,0.0979408994884064,3848,35441,1,1000,39289,33.562977514974406,98.34166511666666,0.0,77.2221667166217,,,,,,,,,,,,,
A1,1000,rep17,2026-06-16T11:46:54+00:00,2026-06-16T11:51:24+00:00,270.0,2263.079024080826,0.794387,53.21390300000002,3515.462453449984,60012.805654,0.0,146.1797652999936,39274,0.0978255334317869,3842,35432,13,1000,39274,24.324519930017576,97.76458765111111,0.0,74.66666666666667,,,,,,,,,,,,,
A1,1000,rep18,2026-06-16T12:16:27+00:00,2026-06-16T12:20:58+00:00,271.0,2302.172950736647,1.104971,53.6226646,4442.061980900023,60007.040031,0.0,145.36348853104803,39203,0.0971864398132796,3810,35393,12,1000,39203,20.03237880671859,97.28460515,0.0,77.29585453332221,,,,,,,,,,,,,
A1,1000,rep19,2026-06-16T12:46:01+00:00,2026-06-16T12:50:31+00:00,270.0,2326.1680359192287,1.0987464999999998,53.66259390000001,5236.37962259998,60012.451435,0.0,145.45440174614671,39224,0.096955945339588,3803,35421,6,1000,39224,13.441085549230529,96.82706985,0.0,63.441488030694806,,,,,,,,,,,,,
A1,1000,rep20,2026-06-16T13:15:34+00:00,2026-06-16T13:20:05+00:00,271.0,2274.298730975202,1.030445,53.418786700000005,4229.505640349993,60008.648039,0.0,145.42910087079582,39224,0.0976442994085254,3830,35394,7,1000,39224,51.84555766011528,101.57115865202952,0.0,79.38333333333333,,,,,,,,,,,,,
A1,1000,rep21,2026-06-17T10:18:30+00:00,2026-06-17T10:23:00+00:00,270.0,2197.989375620441,1.128546,53.6942772,3059.104242799999,60014.733788,0.0,145.92835529275158,39237,0.0992685475444096,3895,35342,9,1000,39237,48.22717439153316,93.01657551666666,0.0,77.28909036365454,,,,,,,,,,,,,
A1,1000,rep22,2026-06-17T10:48:05+00:00,2026-06-17T10:52:36+00:00,271.0,2293.791285424607,1.090532,53.3851396,4125.449918999469,60001.009287,0.0,145.65249469140815,39265,0.0970075130523366,3809,35456,10,1000,39265,44.41512567422716,92.4573049,0.0,75.6463719766472,,,,,,,,,,,,,
A1,1000,rep23,2026-06-17T11:17:39+00:00,2026-06-17T11:22:09+00:00,270.0,2269.878252747419,1.116467,53.2327612,3300.2772006000023,60011.246897,0.0,146.07366441000474,39243,0.0974950946665647,3826,35417,2,1000,39243,36.66711014183156,91.77919485666666,0.0,77.96940937067369,,,,,,,,,,,,,
A1,1000,rep24,2026-06-17T11:47:11+00:00,2026-06-17T11:51:42+00:00,271.0,2315.73275719647,1.038668,53.5467225,4987.191412,60064.165395,0.0,145.7278242388674,39226,0.0969764951817672,3804,35422,8,1000,39226,30.67970376045425,91.13688896666666,0.0,75.05,,,,,,,,,,,,,
A1,1000,rep25,2026-06-17T12:16:44+00:00,2026-06-17T12:21:14+00:00,270.0,2256.697252808492,1.103492,53.46117490000002,2721.4669031500043,60014.584317,0.0,146.57312436859263,39308,0.0978172382212272,3845,35463,8,1000,39308,22.55008397089916,90.49174163419754,0.0,77.075,,,,,,,,,,,,,
A1,1000,rep26,2026-06-18T10:36:58+00:00,2026-06-18T10:41:27+00:00,269.0,2279.43355082292,0.8696855,53.39404270000001,3536.8234691499706,60014.66495,0.0,146.37709339701968,39264,0.097341075794621,3822,35442,13,1000,39264,27.30557620817843,100.31705809591078,0.0,77.425,,,,,,,,,,,,,
A1,1000,rep27,2026-06-18T11:06:31+00:00,2026-06-18T11:11:02+00:00,271.0,2290.806675965612,0.9216305,53.4758496,4459.6428204999465,60008.417818,0.0,145.44622390673672,39232,0.0974714518760195,3824,35408,14,1000,39232,22.532927429274288,99.90008380848708,0.0,76.04166666666666,,,,,,,,,,,,,
A1,1000,rep28,2026-06-18T11:36:05+00:00,2026-06-18T11:40:36+00:00,271.0,2240.6217315550703,0.785351,53.2675084,3124.6892049998314,60017.282448,0.0,145.78364541888098,39297,0.0981754332391785,3858,35439,3,1000,39297,16.716666666666665,99.98164461666669,0.0,77.25,,,,,,,,,,,,,
A1,1000,rep29,2026-06-18T12:05:38+00:00,2026-06-18T12:10:08+00:00,270.0,2282.465492989917,0.819152,53.2703562,4863.646552099681,60002.163976,0.0,146.3561329022005,39255,0.0973124442746147,3820,35435,4,1000,39255,47.80369135802469,104.79538093419752,0.0,76.79166666666667,,,,,,,,,,,,,
A1,1000,rep30,2026-06-18T12:35:11+00:00,2026-06-18T12:39:40+00:00,269.0,2266.650100208012,0.837154,53.08714620000001,2873.2723253500585,60007.956377,0.0,146.4734753203799,39338,0.0972088057349128,3824,35514,13,1000,39338,57.19333333333334,104.54614791666668,0.0,77.25,,,,,,,,,,,,,
A1,2000,rep01,2026-06-24T02:35:41+00:00,2026-06-24T02:40:13+00:00,272.0,2480.0472454434444,0.546801,53.2991516,7882.193433699891,60029.076416,0.0,171.2380926914094,46235,0.2289174867524602,10584,35651,18,2000,46196,57.69885264106564,85.67527287126225,0.0,78.43022868191213,,,,,,,,,,,,,
A1,2000,rep02,2026-06-24T02:42:16+00:00,2026-06-24T02:46:47+00:00,271.0,2485.087396933636,0.548709,53.085245,8137.944858,60019.841335,0.0,171.33457530312822,46261,0.2269514277685307,10499,35762,17,2000,46220,36.29683831126588,77.64993346666667,0.0,77.71796196603276,,,,,,,,,,,,,
A1,2000,rep03,2026-06-24T02:48:50+00:00,2026-06-24T02:53:21+00:00,271.0,2453.9794281953527,0.547732,53.2652847,8505.288316249842,60048.960191,0.0,171.21998257226454,46230,0.2285745187107938,10567,35663,19,2000,46177,45.45480703708208,74.83767868499385,0.0,77.10175333433237,,,,,,,,,,,,,
A1,2000,rep04,2026-06-24T02:55:24+00:00,2026-06-24T02:59:55+00:00,271.0,2428.384701038369,0.551691,53.3959048,7680.891991899995,60001.621403,0.0,171.38588111618677,46275,0.228762830902215,10586,35689,18,2000,46229,59.02654713684628,72.13483763333333,0.0,77.10175333433237,,,,,,,,,,,,,
A1,2000,rep05,2026-06-24T03:01:58+00:00,2026-06-24T03:06:30+00:00,272.0,2565.569596318895,0.5563545,53.1171595,8706.033977,60001.975737,0.0,171.05616111414372,46186,0.2267786775213268,10474,35712,18,2000,46155,37.27397402468586,63.12574079742648,0.0,76.7145454848773,,,,,,,,,,,,,
A1,2000,rep06,2026-06-12T03:35:36+00:00,2026-06-12T03:40:07+00:00,271.0,2479.5884184949414,0.6134355,53.4808229,7894.072819550026,60018.260075,0.0,170.87817426795667,46138,0.2288352334301443,10558,35580,19,2000,46085,57.47586481604011,114.6804176293358,0.0,77.4530410702966,,,,,,,,,,,,,
A1,2000,rep07,2026-06-12T04:00:10+00:00,2026-06-12T04:04:42+00:00,272.0,2639.1201453945537,0.631333,53.5691544,14958.644817399998,60017.097164,0.0,170.61473853382054,46067,0.2260837475850391,10415,35652,17,2000,46018,59.70180355883272,113.78050041666668,0.0,78.85833333333332,,,,,,,,,,,,,
A1,2000,rep08,2026-06-12T04:24:45+00:00,2026-06-12T04:29:16+00:00,271.0,2551.103336525284,0.6238600000000001,53.6965132,8990.588450999987,60064.633336,0.0,170.88563049611682,46140,0.2276983094928478,10506,35634,17,2000,46119,54.36686131847704,112.02939939311194,0.0,73.11752755853067,,,,,,,,,,,,,
A1,2000,rep09,2026-06-12T04:49:19+00:00,2026-06-12T04:53:50+00:00,271.0,2592.3379516115942,0.6197440000000001,53.7736841,14682.508439349998,60015.338595,0.0,170.75274842780271,46104,0.226249349297241,10431,35673,19,2000,46063,53.56643035464687,110.90561185,0.0,76.74872085465242,,,,,,,,,,,,,
A1,2000,rep10,2026-06-12T05:13:53+00:00,2026-06-12T05:18:25+00:00,272.0,2599.598459255845,0.62812,53.812823,15237.3697366,60199.458982,0.0,170.6744052888248,46083,0.226526050821344,10439,35644,18,2000,46058,43.3665819094196,109.10122941501224,0.0,75.44166666666666,,,,,,,,,,,,,
A1,2000,rep11,2026-06-13T18:38:52+00:00,2026-06-13T18:43:23+00:00,271.0,2720.7840149419126,0.63727,53.780922,18537.438561,60025.49249,0.0,170.07404499263828,45921,0.2258661614511879,10372,35549,17,2000,45863,48.68199313391278,103.2049802819188,0.0,77.29742341921936,,,,,,,,,,,,,
A1,2000,rep12,2026-06-13T19:08:27+00:00,2026-06-13T19:12:59+00:00,272.0,2769.6995561374456,0.668335,53.8480034,39262.8674313999,60013.382542,0.0,170.0147530941057,45905,0.2249646008060124,10327,35578,18,2000,45844,47.121246804226985,102.87831886666666,0.0,76.2820619656339,,,,,,,,,,,,,
A1,2000,rep13,2026-06-13T19:38:04+00:00,2026-06-13T19:42:35+00:00,271.0,2539.883454991088,0.691816,53.6594645,10040.833056449985,60018.474186,0.0,170.67945140997207,46084,0.2285825883169863,10534,35550,17,2000,46056,42.23825811001623,101.93025941666669,0.0,78.875,,,,,,,,,,,,,
A1,2000,rep14,2026-06-13T20:07:39+00:00,2026-06-13T20:12:10+00:00,271.0,2501.3164803979985,0.694197,53.640497,7282.394996899966,60019.967795,0.0,171.12935180101945,46207,0.2283853095851278,10553,35654,17,2000,46164,34.41510705326404,101.27970809354242,0.0,77.8689889436526,,,,,,,,,,,,,
A1,2000,rep15,2026-06-13T20:37:15+00:00,2026-06-13T20:41:46+00:00,271.0,2727.2549358461592,0.69894,53.8820115,15371.436829649989,60010.785177,0.0,170.0042510071103,45902,0.2257635832861313,10363,35539,18,2000,45861,29.221068637706672,100.7980192,0.0,74.5113057377868,,,,,,,,,,,,,
A1,2000,rep16,2026-06-24T03:08:33+00:00,2026-06-24T03:13:04+00:00,271.0,2522.574892096266,0.5591885,53.1984422,7920.911308249992,60001.202252,0.0,171.4108931132444,46282,0.2271077308672918,10511,35771,19,2000,46213,41.40746451216596,60.70704381703567,0.0,76.30960516008601,,,,,,,,,,,,,
A1,2000,rep17,2026-06-24T03:15:07+00:00,2026-06-24T03:19:38+00:00,271.0,2675.713455577334,0.557357,53.3429902,14761.089013599978,60014.160256,0.0,170.58570747302613,46059,0.2250374519637855,10365,35694,19,2000,45968,59.54519055588797,58.022565766666666,0.0,76.27754258475282,,,,,,,,,,,,,
A1,2000,rep18,2026-06-24T03:21:42+00:00,2026-06-24T03:26:13+00:00,271.0,2551.368558478004,0.561319,53.4008821,9630.239915098146,60023.991798,0.0,170.81187626725207,46120,0.2267129228100607,10456,35664,18,2000,46089,34.38264991132446,48.85450279028291,0.0,77.27144070195301,,,,,,,,,,,,,
A1,2000,rep19,2026-06-24T03:28:16+00:00,2026-06-24T03:32:47+00:00,271.0,2351.86659977191,0.5437215,53.1249,5986.469188,60001.814826,0.0,171.8345483489998,46396,0.2299551685490128,10669,35727,18,2000,46345,37.44282910397152,46.59327846666667,0.0,77.27144070195301,,,,,,,,,,,,,
A1,2000,rep20,2026-06-24T03:34:50+00:00,2026-06-24T03:39:21+00:00,271.0,2605.3482469544942,0.560685,53.5118706,14539.342032199893,60117.017194,0.0,170.97883962030548,46165,0.2262103325029784,10443,35722,18,2000,46118,59.000820165764594,43.57070546346864,0.0,76.21666666666665,,,,,,,,,,,,,
A1,2000,rep21,2026-06-24T03:41:25+00:00,2026-06-24T03:45:56+00:00,271.0,2494.7676190206253,0.540063,53.3177278,8538.146612099994,60001.24836,0.0,171.15965340088707,46214,0.2287834855238672,10573,35641,18,2000,46184,35.01169678939385,34.8462961,0.0,73.81321078308939,,,,,,,,,,,,,
A1,2000,rep22,2026-06-24T03:47:59+00:00,2026-06-24T03:52:30+00:00,271.0,2607.8825361037952,0.552803,53.5137662,14440.24325329912,60027.980045,0.0,170.79353767892755,46115,0.2262387509487151,10433,35682,18,2000,46065,38.72719255868169,32.064689576691265,0.0,77.94132338739219,,,,,,,,,,,,,
A1,2000,rep23,2026-06-24T03:54:33+00:00,2026-06-24T03:59:04+00:00,271.0,2481.1754624262803,0.560484,53.09470270000001,8262.737760049986,60001.943365,0.0,171.2338110998498,46234,0.2276246917852662,10524,35710,18,2000,46208,56.49282860428118,29.659294054305043,0.0,77.94132338739219,,,,,,,,,,,,,
A1,2000,rep24,2026-06-24T04:01:07+00:00,2026-06-24T04:05:39+00:00,272.0,2493.025586103507,0.548469,53.3062759,9934.672602349983,60001.678356,0.0,171.36692561082344,46270,0.2268856710611627,10498,35772,18,2000,46217,35.951331677264804,20.8133047,0.0,75.83618316790391,,,,,,,,,,,,,
A1,2000,rep25,2026-06-24T04:07:42+00:00,2026-06-24T04:12:13+00:00,271.0,2426.176745939309,0.5426925,53.2426139,7474.027434350007,60011.173929,0.0,171.32260276236428,46258,0.2294089670975831,10612,35646,19,2000,46199,26.652304704187085,17.942966450061498,0.0,74.75,,,,,,,,,,,,,
A1,2000,rep26,2026-06-18T18:39:14+00:00,2026-06-18T18:43:45+00:00,271.0,2667.9498059637267,0.610786,53.8892541,15408.88289315,60020.60397,0.0,170.40482441486571,46010,0.2256031297544012,10380,35630,17,2000,45960,52.65974939306567,103.12284911666669,0.0,75.49166666666666,,,,,,,,,,,,,
A1,2000,rep27,2026-06-18T18:58:13+00:00,2026-06-18T19:02:44+00:00,271.0,2616.5542413470803,0.536992,53.3499738,14874.456404199997,60013.271775,0.0,170.60831977448984,46065,0.2259416042548572,10408,35657,17,2000,46018,40.845160312825655,99.69584005,0.0,78.80652260904363,,,,,,,,,,,,,
A1,2000,rep28,2026-06-18T19:08:48+00:00,2026-06-18T19:13:20+00:00,272.0,2514.859226556948,0.5316110000000001,53.23425890000001,7314.338724899992,60007.345807,0.0,171.07845383068278,46192,0.228740907516453,10566,35626,18,2000,46147,45.07933823529412,96.38514879240196,0.0,78.61666666666666,,,,,,,,,,,,,
A1,2000,rep29,2026-06-18T19:27:47+00:00,2026-06-18T19:32:18+00:00,271.0,2548.060689126158,0.5238955000000001,53.2368752,8855.64085064993,60004.75158,0.0,170.78199632603906,46112,0.2278582581540597,10507,35605,19,2000,46070,33.19266168273184,93.01812533499384,0.0,79.925,,,,,,,,,,,,,
A1,2000,rep30,2026-06-18T19:38:23+00:00,2026-06-18T19:42:54+00:00,271.0,2613.4485328893734,0.566902,53.293513,14999.1458485,60015.344278,0.0,170.7594381580245,46106,0.2267383854595931,10454,35652,17,2000,46060,42.43666666666668,89.93856808333334,0.0,77.875,,,,,,,,,,,,,
A2,100,rep01,2026-06-22T00:49:38+00:00,2026-06-22T00:53:40+00:00,242.0,17.0538292187516,1.500864,52.007795,52.820993,178.176123,0.552013,85.79981713772771,20681,0.0,0,20681,2,100,20681,25.51157327487951,83.44469923333332,,37.325,25.85262789561897,83.06025405,0.0,37.325,25.170518654140054,83.82914441666667,0.0,36.90168983601099,25.51157327487951,25.85262789561897,52.00188973546823,566.0,2.0
A2,100,rep02,2026-06-22T00:56:53+00:00,2026-06-22T01:00:54+00:00,241.0,16.896232593027754,1.504405,52.0090876,52.9030855,128.461819,0.531229,85.81854938579694,20682,0.0,0,20682,2,100,20682,10.47469028040744,80.93415618333333,,33.02579331976376,11.251045449917088,80.52790225,0.0,33.02579331976376,9.698335110897792,81.34041011666666,0.0,32.60833333333333,10.47469028040744,11.251045449917088,52.03737032436428,525.0,2.0
A2,100,rep03,2026-06-22T01:04:04+00:00,2026-06-22T01:08:05+00:00,241.0,17.1515063696757,1.482725,51.9922302,52.8525969,258.285764,0.51899,85.80657806274775,20683,0.0,0,20683,2,100,20683,23.954853631328128,80.96158718333334,,38.084602820094005,25.325477358254155,80.55225658333333,0.0,37.11335046214422,22.5842299044021,81.37091778333334,0.0,38.084602820094005,23.954853631328128,25.325477358254155,52.05049400407636,636.0,2.0
A2,100,rep04,2026-06-22T01:11:14+00:00,2026-06-22T01:15:16+00:00,242.0,17.099794736121762,1.519512,52.0189685,52.97394645,199.712305,0.600359,85.80935272129595,20680,0.0,0,20680,2,100,20680,9.593742008587476,78.63272946666666,,33.014784230154504,9.689621762896325,78.38258326666667,0.0,33.014784230154504,9.497862254278628,78.88287566666666,0.0,31.494490128841093,9.593742008587476,9.689621762896325,52.0451477174058,577.0,2.0
A2,100,rep05,2026-06-22T01:18:25+00:00,2026-06-22T01:22:27+00:00,242.0,16.950317277799194,1.527906,52.0209154,52.96678709999999,112.111984,0.621361,85.8107259366011,20684,0.0,0,20684,2,100,20684,20.021922376540587,78.41819460833332,,36.45954865162172,22.432699379628627,77.94641893333333,0.0,36.45954865162172,17.611145373452548,78.88997028333333,0.0,36.144778902504,20.021922376540587,22.432699379628627,52.04247646444019,554.0,2.0
A2,100,rep06,2026-06-22T10:07:52+00:00,2026-06-22T10:11:54+00:00,242.0,16.90874209843346,1.576392,51.9585955,52.6036712,93.421139,0.529508,85.82054978203226,20684,0.0,0,20684,2,100,20684,19.227972777570336,0.0,,36.891666666666666,19.81733222417092,0.0,0.4770052833333332,36.891666666666666,18.63861333096975,0.0,0.24752285,35.016666666666666,19.227972777570336,19.81733222417092,51.88360850578008,536.0,2.0
A2,100,rep07,2026-06-22T10:14:05+00:00,2026-06-22T10:18:07+00:00,242.0,16.58937742752877,1.50967,51.823315,52.320952,106.09859,0.516498,85.85379089505291,20691,0.0,0,20691,2,100,20691,25.047576636765385,0.0,,36.65,24.802599239023564,0.0,1.1317405333333332,36.65,25.2925540345072,0.0,0.8759185833333333,36.51666666666666,25.04757663676538,25.2925540345072,51.73126665835472,617.0,2.0
A2,100,rep08,2026-06-22T10:20:15+00:00,2026-06-22T10:24:17+00:00,242.0,16.670949657659424,1.479987,51.7872246,52.2781624,94.386562,0.54119,85.82507925847702,20687,0.0,0,20687,2,100,20687,24.81337305728657,0.0,,37.43850579504711,24.13122564638496,0.0,1.8104927,36.19483763530391,25.49552046818818,0.0,1.7993275,37.43850579504711,24.81337305728657,25.49552046818818,51.72476600228027,575.0,2.0
A2,100,rep09,2026-06-22T10:26:26+00:00,2026-06-22T10:30:28+00:00,242.0,16.85828159911044,1.5078575,51.8509545,52.41491495,145.112601,0.519587,85.81601668051245,20684,0.0,0,20684,2,100,20684,16.868365705005374,0.0,,36.77083680752426,16.643407156301265,0.0,4.566472000000001,35.22935779816514,17.09332425370948,0.0,4.922555633333333,36.77083680752426,16.868365705005374,17.09332425370948,51.79459739222734,558.0,2.0
A2,100,rep10,2026-06-22T10:32:36+00:00,2026-06-22T10:36:38+00:00,242.0,16.630365907043142,1.519656,51.8437246,52.276898800000005,150.080302,0.556182,85.82227053430573,20687,0.0,0,20687,2,100,20687,18.021337568923776,0.0,,35.891666666666666,18.20378852577907,0.0,5.666067716666666,35.891666666666666,17.838886612068485,0.0,5.61754315,35.83089019189765,18.021337568923776,18.20378852577907,51.72417150234621,556.0,2.0
A2,100,rep11,2026-06-22T10:38:47+00:00,2026-06-22T10:42:49+00:00,242.0,16.82557468265093,1.508981,51.841912,52.3542175,98.795333,0.533791,85.82036913006583,20687,0.0,0,20687,2,100,20687,24.94891141723531,0.0,,37.05833333333333,24.96457144414683,0.0,6.364561716666667,37.05833333333333,24.933251390323782,0.0,6.3066227,36.772667455148174,24.94891141723531,24.96457144414683,51.75741331533381,524.0,2.0
A2,100,rep12,2026-06-22T10:44:57+00:00,2026-06-22T10:48:59+00:00,242.0,16.931843652661566,1.520727,51.8754672,52.4190017,105.196173,0.526409,85.80479205588314,20683,0.0,0,20683,2,100,20683,25.566498559161786,0.0,,37.13143428285857,25.375621711028323,0.0,7.051175083333334,36.19226987116452,25.75737540729525,0.0,7.125623516666667,37.13143428285857,25.566498559161783,25.75737540729525,51.76220451175229,492.0,2.0
A2,100,rep13,2026-06-22T10:51:08+00:00,2026-06-22T10:55:10+00:00,242.0,16.587674421390815,1.494422,51.830298,52.3525495,92.74835,0.563736,85.83916353301277,20691,0.0,0,20691,2,100,20691,16.826618596903025,0.0,,36.60833333333333,16.82959061892867,0.0,9.770100383333334,36.60833333333333,16.82364657487738,0.0,10.126755683333334,36.3,16.826618596903025,16.82959061892867,51.76377166930564,649.0,2.0
A2,100,rep14,2026-06-22T10:57:19+00:00,2026-06-22T11:01:21+00:00,242.0,16.80399075953409,1.478026,51.7955912,52.3000972,118.841433,0.554809,85.82771712081565,20689,0.0,0,20689,2,100,20689,17.441339803476595,0.0,,36.95833333333333,17.03426327495135,0.0,11.00454795,35.58333333333333,17.848416332001836,0.0,11.03302525,36.95833333333333,17.441339803476595,17.848416332001836,51.7454400829408,576.0,2.0
A2,100,rep15,2026-06-22T11:03:30+00:00,2026-06-22T11:07:31+00:00,241.0,16.73749385889704,1.526691,51.8510014,52.3174786,109.799801,0.552547,85.8383353945515,20687,0.0,0,20687,2,100,20687,23.433511871626045,0.0,,36.41666666666667,23.37635046491738,0.0,11.62442985,36.41666666666667,23.490673278334707,0.0,11.812442883333333,35.90833333333333,23.433511871626045,23.490673278334707,51.73620050856513,584.0,2.0
A2,100,rep16,2026-06-22T11:09:40+00:00,2026-06-22T11:13:42+00:00,242.0,16.89303626781398,1.5189525,51.8379715,52.288392,159.381406,0.570862,85.82907830863925,20686,0.0,0,20686,2,100,20686,25.69673569765868,0.0,,37.63333333333334,25.24194272168453,0.0,12.33367745,36.125,26.151528673632832,0.0,12.514241566666668,37.63333333333334,25.69673569765868,26.151528673632832,51.736311942426624,536.0,2.0
A2,100,rep17,2026-06-22T11:15:51+00:00,2026-06-22T11:19:52+00:00,241.0,16.12323209049185,1.458645,51.7611412,52.24893715,118.176288,0.511538,85.8891353205563,20698,0.0,0,20698,2,100,20698,20.055389400051332,0.0,,36.39699749791493,19.61422678546053,0.0,13.3185065,36.39699749791493,20.49655201464213,0.0,13.898936733333333,36.12579413383136,20.05538940005133,20.49655201464213,51.711043025847474,527.0,2.0
A2,100,rep18,2026-06-22T11:22:02+00:00,2026-06-22T11:26:04+00:00,242.0,16.78823452953967,1.494841,51.8310411,52.3216337,113.802247,0.545521,85.80806337157313,20684,0.0,0,20684,2,100,20684,17.01432907462008,0.0,,36.56059016502639,17.010032392031214,0.0,16.201125016666666,36.56059016502639,17.018625757208945,0.0,16.48621225,35.69227181101837,17.01432907462008,17.018625757208945,51.77073462116471,658.0,2.0
A2,100,rep19,2026-06-22T11:28:13+00:00,2026-06-22T11:32:14+00:00,241.0,16.779890713754163,1.528501,51.863677200000005,52.37645375,114.548051,0.567441,85.84221094749542,20692,0.0,0,20692,2,100,20692,21.856369216091856,0.0,,37.04875976611304,21.88795725784069,0.0,16.87518725,36.35,21.824781174343027,0.0,17.19718525,37.04875976611304,21.856369216091856,21.88795725784069,51.75282186611961,616.0,2.0
A2,100,rep20,2026-06-22T11:34:23+00:00,2026-06-22T11:38:25+00:00,242.0,16.5522215732167,1.5064585,51.8513555,52.30109905,135.392557,0.564374,85.86839955520252,20692,0.0,0,20692,1,100,20692,25.09798940651565,0.0,,37.32686634331717,25.015194606616625,0.0,17.557084466666666,36.23333333333333,25.18078420641468,0.0,17.891737283333335,37.32686634331717,25.09798940651565,25.18078420641468,51.74390267012909,692.0,2.0
A2,100,rep21,2026-06-22T11:40:34+00:00,2026-06-22T11:44:35+00:00,241.0,16.632396577504885,1.50743,51.834287,52.2814356,150.146623,0.569673,85.84313986281225,20689,0.0,0,20689,2,100,20689,22.59046235808487,0.0,,36.94223971186553,21.898193314717577,0.0,18.374889666666668,35.516666666666666,23.282731401452168,0.0,19.00701785,36.94223971186553,22.59046235808487,23.282731401452168,51.71421794141399,550.0,2.0
A2,100,rep22,2026-06-22T11:46:44+00:00,2026-06-22T11:50:46+00:00,242.0,16.9832368665893,1.506658,51.8594944,52.3613973,117.459217,0.540949,85.83706396576841,20688,0.0,0,20688,2,100,20688,17.066885081489964,0.0,,37.54937417709705,16.658360171314932,0.0,21.37277195,35.30442035029191,17.475409991665,0.0,21.983008116666667,37.54937417709705,17.066885081489964,17.475409991665,51.739731944049055,517.0,2.0
A2,100,rep23,2026-06-22T11:52:54+00:00,2026-06-22T11:56:56+00:00,242.0,16.635637739912067,1.488935,51.809596,52.2876042,156.137308,0.559761,85.84655985685954,20693,0.0,0,20693,2,100,20693,19.644968214918606,0.0,,36.49166666666667,19.710856283002048,0.0,22.130289416666667,35.30833333333334,19.579080146835167,0.0,22.70683968333333,36.49166666666667,19.64496821491861,19.710856283002048,51.736884694064045,557.0,2.0
A2,100,rep24,2026-06-22T11:59:06+00:00,2026-06-22T12:03:07+00:00,241.0,16.64408318968436,1.512515,51.8525326,52.409908900000005,166.663897,0.528796,85.84396626136771,20687,0.0,0,20687,1,100,20687,25.047832325051672,0.0,,37.69103848269195,25.005388626763622,0.0,22.77794355,37.69103848269195,25.09027602333972,0.0,23.415398316666668,36.233694837323206,25.047832325051672,25.09027602333972,51.7594590918959,588.0,2.0
A2,100,rep25,2026-06-22T12:05:16+00:00,2026-06-22T12:09:18+00:00,242.0,16.605297162203957,1.544447,51.8972144,52.3918835,105.920986,0.613076,85.8483577967789,20690,0.0,0,20690,2,100,20690,24.536607767315893,0.0,,37.81694599007097,23.623245368503117,0.0,23.521049016666662,35.54166666666667,25.449970166128672,0.0,24.28629533333333,37.81694599007097,24.536607767315893,25.449970166128672,51.72980297764634,674.0,2.0
A2,100,rep26,2026-06-22T12:11:27+00:00,2026-06-22T12:15:29+00:00,242.0,16.57001270990801,1.5184595,51.8387602,52.35275405,99.063485,0.548402,85.83155685873938,20690,0.0,0,20690,2,100,20690,16.9004904370579,0.0,,35.574472338369794,16.927548564603143,0.0,26.3149436,35.3,16.87343230951266,0.0,27.33851981666667,35.574472338369794,16.9004904370579,16.927548564603143,51.7671206846641,554.0,2.0
A2,100,rep27,2026-06-22T12:17:37+00:00,2026-06-22T12:21:39+00:00,242.0,16.867535390465584,1.490776,51.8180524,52.3423715,100.565193,0.537438,85.80508710536006,20683,0.0,0,20683,2,100,20683,18.420187130962802,0.0,,37.35771070482158,18.558432895511043,0.0,27.318366316666665,37.27664818237831,18.28194136641456,0.0,28.177877783333333,37.35771070482158,18.4201871309628,18.558432895511043,51.77407478113816,581.0,2.0
A2,100,rep28,2026-06-22T12:23:48+00:00,2026-06-22T12:27:50+00:00,242.0,16.641804771086047,1.54618,51.8615148,52.3418592,114.951128,0.542402,85.8519295536181,20689,0.0,0,20689,2,100,20689,24.585900167934184,0.0,,36.16666666666667,24.322203918771077,0.0,28.020051466666665,35.425,24.84959641709729,0.0,28.867519916666662,36.16666666666667,24.585900167934184,24.84959641709729,51.71389956819846,517.0,2.0
A2,100,rep29,2026-06-22T12:29:59+00:00,2026-06-22T12:34:00+00:00,241.0,16.71707950724921,1.5389835,51.8799609,52.4048336,89.324517,0.576414,85.84680499952745,20692,0.0,0,20692,2,100,20692,25.38319467148006,0.0,,37.225705329153605,25.070574480456727,0.0,28.6675105,35.675,25.69581486250339,0.0,29.61459088333333,37.225705329153605,25.38319467148006,25.69581486250339,51.76227652061633,616.0,2.0
A2,100,rep30,2026-06-22T12:36:10+00:00,2026-06-22T12:40:12+00:00,242.0,16.61786026902251,1.5196195,51.8548535,52.404312,94.426148,0.564486,85.82319443219028,20686,0.0,0,20686,2,100,20686,6.970181201009932,0.0,,35.3,7.236784396373987,0.0,31.363976466666667,35.3,6.703578005645878,0.0,32.572841233333335,33.19284333977477,6.970181201009932,7.236784396373987,51.77970240455237,621.0,2.0
A2,500,rep01,2026-06-22T01:38:21+00:00,2026-06-22T01:42:23+00:00,242.0,27.27504135768548,1.585465,56.076889,74.495608,5199.811068,0.544902,424.3661542078332,102291,0.0,0,102291,8,500,102291,50.0150454866467,77.03496649166667,,94.04636898511592,49.77407199758471,77.02511315,0.0,94.04636898511592,50.25601897570869,77.04481983333334,0.0,91.98333333333332,50.0150454866467,50.25601897570869,66.76976470924023,2912.0,2.0
A2,500,rep02,2026-06-22T01:44:34+00:00,2026-06-22T01:48:36+00:00,242.0,19.918116683468927,1.5243805,55.2094231,65.33372985,3306.840295,0.510349,427.7313745050867,103102,0.0,0,103102,8,500,103102,68.2537441642732,73.43264662499999,,94.8943398111605,68.88621547122798,73.35281606666666,0.0,94.8943398111605,67.6212728573184,73.51247718333333,0.0,93.14794771459496,68.2537441642732,68.88621547122798,62.9855567705792,2628.0,2.0
A2,500,rep03,2026-06-22T01:50:45+00:00,2026-06-22T01:54:47+00:00,242.0,20.0690777225882,1.495575,55.2611788,66.62386599999986,2890.852375,0.531342,427.6385122284616,103085,0.0,0,103085,8,500,103085,66.39312580820172,68.34089962499999,,95.58762198682123,68.08227087524173,67.83532483333333,0.0,95.58762198682123,64.70398074116169,68.84647441666667,0.0,93.24166666666666,66.39312580820172,68.08227087524173,63.567665979218994,2381.0,2.0
A2,500,rep04,2026-06-22T01:56:56+00:00,2026-06-22T02:00:58+00:00,242.0,21.082951603020582,1.510001,55.6029404,69.269409,2692.594581,0.534206,427.1264656051233,102965,0.0,0,102965,8,500,102965,45.037389026690555,57.916768841666666,,92.54849721089,45.54411065348986,57.66050623333334,0.0,92.54849721089,44.53066739989125,58.17303145,0.0,87.76954458413121,45.03738902669056,45.54411065348986,65.04520988888683,2312.0,2.0
A2,500,rep05,2026-06-22T02:03:09+00:00,2026-06-22T02:07:11+00:00,242.0,23.97894711152702,1.558275,56.0411222,72.92404439999997,3778.258404,0.516602,425.7985202762638,102639,0.0,0,102639,8,500,102639,47.82549747204188,54.370846433333334,,93.78597047293351,48.34117144217673,54.05826151666667,0.0,93.78597047293351,47.30982350190703,54.68343135,0.0,90.00233123522163,47.82549747204188,48.34117144217673,67.53429492162901,3360.0,2.0
A2,500,rep06,2026-06-22T02:09:20+00:00,2026-06-22T02:13:22+00:00,242.0,22.478309830597546,1.5340275,56.014367,73.74266975,3216.562059,0.508731,426.4097751115441,102826,0.0,0,102826,8,500,102826,66.09367908593217,50.783359833333336,,95.59277361669474,66.8862474876482,50.37898615,0.0,95.59277361669474,65.30111068421611,51.18773351666667,0.0,93.33855538148728,66.09367908593217,66.8862474876482,68.17047050446712,2793.0,2.0
A2,500,rep07,2026-06-22T02:15:32+00:00,2026-06-22T02:19:34+00:00,242.0,20.14612292356716,1.5631765,55.2548344,66.80768009999998,2469.201953,0.507836,427.6268217633813,103084,0.0,0,103084,8,500,103084,68.26630148816767,46.12594574166667,,96.08621005784008,69.15948547772742,45.23980151666667,0.0,96.08621005784008,67.37311749860794,47.012089966666665,0.0,92.04951122677076,68.26630148816767,69.15948547772742,64.01191656067097,2501.0,2.0
A2,500,rep08,2026-06-22T02:21:43+00:00,2026-06-22T02:25:45+00:00,242.0,19.72323169665644,1.518125,55.167574,64.99237744999999,2223.04946,0.519422,427.6705601938649,103124,0.0,0,103124,8,500,103124,46.74474112081759,35.224923525,,95.51029931337912,47.23182796848374,34.54601315,0.0,95.51029931337912,46.25765427315143,35.9038339,0.0,92.02346627556209,46.74474112081759,47.23182796848374,62.23114985549674,2721.0,2.0
A2,500,rep09,2026-06-22T02:27:54+00:00,2026-06-22T02:31:56+00:00,242.0,22.892384748769096,1.4927695,55.420698,68.72303475,3453.446333,0.50907,426.3220640602134,102766,0.0,0,102766,8,500,102766,46.3929025681918,31.629105591666665,,94.75352406372508,46.86385635072149,30.9008512,0.0,94.75352406372508,45.92194878566212,32.35735998333333,0.0,92.8265471091185,46.3929025681918,46.86385635072149,63.760150016369465,2406.0,2.0
A2,500,rep10,2026-06-22T02:34:06+00:00,2026-06-22T02:38:08+00:00,242.0,24.295105461929825,1.5175815,55.42324870000001,69.04020049999994,4649.234595,0.524396,425.6340732427216,102600,0.0,0,102600,8,500,102600,64.02563260285629,27.984926683333335,,94.75379198718484,64.28025983472257,27.21151465,0.0,94.75379198718484,63.77100537099,28.758338716666668,0.0,92.9231537757056,64.02563260285629,64.28025983472257,64.67863957584692,2814.0,2.0
A2,500,rep11,2026-06-22T02:40:18+00:00,2026-06-22T02:44:20+00:00,242.0,19.582412068008757,1.511147,55.0680138,63.75050844999999,2048.400064,0.524917,427.8538131661796,103134,0.0,0,103134,8,500,103134,69.10452819134034,23.66525983333333,,95.03374718773436,69.76200016498834,22.461191116666665,0.0,95.03374718773436,68.44705621769234,24.86932855,0.0,93.96947201601468,69.10452819134034,69.76200016498834,61.78999950415256,2751.0,2.0
A2,500,rep12,2026-06-22T02:46:29+00:00,2026-06-22T02:50:31+00:00,242.0,21.131306988249385,1.5239945,55.4825419,68.73152439999991,2685.024317,0.543539,427.1521719128482,102970,0.0,0,102970,8,500,102970,46.33097191997072,12.362117333333334,,93.90274418216698,46.95642877964752,11.347321216666666,0.0,93.90274418216698,45.705515060293926,13.37691345,0.0,91.24136208475564,46.33097191997072,46.95642877964752,64.95266263974119,2590.0,2.0
A2,500,rep13,2026-06-22T02:52:40+00:00,2026-06-22T02:56:42+00:00,242.0,21.331783566391472,1.5010615,55.36482430000001,68.26138209999999,2780.899496,0.524128,427.0919301223825,102950,0.0,0,102950,8,500,102950,46.7936528314864,8.73518795,,93.2312047289984,47.35851000546626,7.662727716666667,0.0,93.2312047289984,46.22879565750653,9.807648183333333,0.0,92.53333333333332,46.7936528314864,47.35851000546626,65.21768487625761,2731.0,2.0
A2,500,rep14,2026-06-22T02:58:51+00:00,2026-06-22T03:02:53+00:00,242.0,24.03239337364111,1.5670985,55.8778309,71.9260876,4585.692347,0.506159,425.75677606818624,102644,0.0,0,102644,8,500,102644,59.193054323931676,5.129003316666667,,94.8380752370952,59.03232722550329,3.982032766666667,0.0,94.8380752370952,59.35378142236007,6.275973866666667,0.0,93.6,59.19305432393168,59.35378142236007,66.1621563279472,2572.0,2.0
A2,500,rep15,2026-06-22T03:05:03+00:00,2026-06-22T03:09:06+00:00,243.0,24.009123999268425,1.499679,55.7574747,72.27383949999997,2697.156467,0.520951,425.3864050944917,102534,0.0,0,102534,8,500,102534,68.05119924049892,1.268536725,,95.68503779346248,69.19442164229503,0.0,0.2639771166666667,95.68503779346248,66.90797683870281,2.53707345,0.0,93.78489641494023,68.05119924049892,69.19442164229503,65.37592294557825,2993.0,2.0
A2,500,rep16,2026-06-22T03:11:15+00:00,2026-06-22T03:15:17+00:00,242.0,24.92811224572361,1.535632,55.52377880000002,68.72141459999987,5503.234157,0.484977,425.6283257564652,102595,0.0,0,102595,8,500,102595,45.84617205957814,0.0,,94.37185427152428,46.39093797655918,0.0,11.754324566666666,94.37185427152428,45.30140614259709,0.0,8.5155217,93.55086244286524,45.84617205957814,46.39093797655918,65.19173936314571,2931.0,2.0
A2,500,rep17,2026-06-22T03:17:26+00:00,2026-06-22T03:21:28+00:00,242.0,19.866600987148445,1.486295,55.2467552,65.98534329999995,1442.064446,0.521889,427.71223069326,103099,0.0,0,103099,8,500,103099,46.43731900672381,0.0,,93.05988433140551,47.19092234295226,0.0,15.39026675,93.05988433140551,45.68371567049535,0.0,12.537176116666666,91.43333333333334,46.43731900672381,47.19092234295226,62.51631470254653,2542.0,2.0
A2,500,rep18,2026-06-22T03:23:37+00:00,2026-06-22T03:27:39+00:00,242.0,22.07697593540981,1.493064,55.1103792,65.49837839999996,4799.451411,0.524334,426.7294698598674,102864,0.0,0,102864,8,500,102864,55.65072326167659,0.0,,94.84797016018916,55.40479770209513,0.0,19.122063850000004,94.84797016018916,55.89664882125804,0.0,16.143340566666666,93.61666666666667,55.65072326167659,55.89664882125804,62.65303798746044,2656.0,2.0
A2,500,rep19,2026-06-22T03:29:48+00:00,2026-06-22T03:33:50+00:00,242.0,20.23322179327165,1.4656289999999998,55.436216,69.05354645,2007.931199,0.513363,427.535616015599,103058,0.0,0,103058,8,500,103058,68.33881577599041,0.0,,96.14134511209268,69.07995885665987,0.0,23.036519783333333,96.14134511209268,67.59767269532094,0.0,19.7758559,92.36379379246036,68.33881577599041,69.07995885665987,66.24171157437095,2654.0,2.0
A2,500,rep20,2026-06-22T03:35:59+00:00,2026-06-22T03:40:01+00:00,242.0,21.605888945416098,1.4807095,55.03673770000001,65.0346359,3876.902119,0.533164,427.0568995446132,102942,0.0,0,102942,8,500,102942,62.44759857005231,0.0,,95.399447201039,64.07609098197977,0.0,28.87176609269973,95.399447201039,60.819106158124846,0.0,24.85780547589532,92.96666666666664,62.44759857005231,64.07609098197977,62.58828177446765,2454.0206611570247,2.0
A2,500,rep21,2026-06-22T18:38:44+00:00,2026-06-22T18:42:46+00:00,242.0,21.633634001166023,1.3719955,63.326219900000005,80.9829407,465.746405,0.505377,426.9139453031112,102918,0.0,0,102918,8,500,102918,62.668471435065165,0.0,,94.46093802121555,67.35521528783238,0.0,1.4905554166666666,94.07877214009856,57.98172758229795,0.0,1.2270308166666666,94.46093802121555,62.668471435065165,67.35521528783238,78.7404010194534,2454.0,2.0
A2,500,rep22,2026-06-22T18:44:56+00:00,2026-06-22T18:48:58+00:00,242.0,20.970803217782432,1.3759095,61.383206200000025,79.14183339999995,361.366439,0.501954,427.2488555300893,102988,0.0,0,102988,8,500,102988,69.74961383946236,0.0,,95.53333333333332,69.28947988874259,0.0,5.166651983333334,94.03340890904242,70.20974779018212,0.0,5.507717783333334,95.53333333333332,69.74961383946236,70.20974779018212,77.25988371836627,2612.0,2.0
A2,500,rep23,2026-06-22T18:51:09+00:00,2026-06-22T18:55:11+00:00,242.0,20.638950389299065,1.35443,62.4052422,79.1668463999999,314.019144,0.494186,427.4482779900461,103039,0.0,0,103039,8,500,103039,47.504740176260626,0.0,,95.71666666666668,47.36458818967554,0.0,16.338245933333333,94.61955798162694,47.644892162845714,0.0,16.486814433333333,95.71666666666668,47.50474017626063,47.644892162845714,77.69980818113223,2718.0,2.0
A2,500,rep24,2026-06-22T18:57:20+00:00,2026-06-22T19:01:22+00:00,242.0,21.382182454746523,1.397453,62.975213800000006,80.72969599999998,379.983123,0.501812,427.0079683978179,102943,0.0,0,102943,8,500,102943,46.836651909046516,0.0,,92.698687629072,46.74446215913819,0.0,20.92014305,92.62582456839972,46.928841658954845,0.0,21.439629083333333,92.698687629072,46.83665190904652,46.928841658954845,78.57469182596584,2624.0,2.0
A2,500,rep25,2026-06-22T19:03:32+00:00,2026-06-22T19:07:34+00:00,242.0,23.06885363784408,1.388967,64.14801580000001,82.89840309999994,902.441745,0.51757,426.1976342124078,102743,0.0,0,102743,8,500,102743,59.31419684666927,0.0,,94.46927747014476,64.21785805861346,0.0,24.57173893333333,93.95313177105903,54.41053563472508,0.0,25.154450166666667,94.46927747014476,59.31419684666927,64.21785805861346,79.81642718272815,2576.0,2.0
A2,500,rep26,2026-06-22T19:09:43+00:00,2026-06-22T19:13:45+00:00,242.0,21.01172682814049,1.39359,62.333367,78.8519705,461.823634,0.50519,427.0594298518404,102991,0.0,0,102991,8,500,102991,69.5798476013824,0.0,,95.11666666666667,69.24386067253081,0.0,28.2065717,94.20422876024232,69.91583453023398,0.0,28.89884335,95.11666666666667,69.5798476013824,69.91583453023398,77.20391471346379,2397.0,2.0
A2,500,rep27,2026-06-22T19:15:55+00:00,2026-06-22T19:19:57+00:00,242.0,19.75202583361628,1.361383,59.72435,74.176275,213.906541,0.521839,427.8734475321022,103141,0.0,0,103141,8,500,103141,59.576822098954864,0.0,,96.24166666666667,53.504786578072206,0.0,33.03800986666667,94.44638607352672,65.64885761983751,0.0,33.453535466666665,96.24166666666667,59.576822098954864,65.64885761983751,73.00539923266811,2262.0,2.0
A2,500,rep28,2026-06-22T19:22:08+00:00,2026-06-22T19:26:10+00:00,242.0,20.737523135303437,1.365841,61.85209180000004,78.53097119999997,332.776243,0.495732,427.3934128478149,103035,0.0,0,103035,8,500,103035,47.258520333802664,0.0,,96.01590973389472,47.098975379951206,0.0,44.04373456666666,96.01590973389472,47.41806528765413,0.0,44.881258116666665,94.93713048546924,47.25852033380266,47.41806528765413,76.88081845260196,2718.0,2.0
A2,500,rep29,2026-06-22T19:28:19+00:00,2026-06-22T19:32:21+00:00,242.0,21.303007847594497,1.354528,62.978940199999975,80.01598379999992,654.848025,0.477281,427.1090517369777,102949,0.0,0,102949,8,500,102949,55.72298834644656,0.0,,94.70120252847876,60.76426610513792,0.0,47.69820293333333,93.67352035295096,50.681710587755205,0.0,48.60365895,94.70120252847876,55.72298834644656,60.76426610513792,77.84759267532873,2628.0,2.0
A2,500,rep30,2026-06-22T19:34:30+00:00,2026-06-22T19:38:32+00:00,242.0,20.74453742765192,1.3550085,62.0430175,78.281151,578.951326,0.482143,427.3195270448985,103016,0.0,0,103016,8,500,103016,69.5673861180334,0.0,,96.34601292385584,69.07750670232443,0.0,51.34962718333333,95.0902887575934,70.05726553374238,0.0,52.336048383333335,96.34601292385584,69.5673861180334,70.05726553374238,76.30165793196224,2556.0,2.0
A2,1000,rep01,2026-06-22T04:54:19+00:00,2026-06-22T04:58:23+00:00,244.0,613.0666805216053,1.6386150000000002,2446.2716520000004,2650.56724455,3252.936962,0.41559,537.7758915922491,130882,0.0,0,130882,13,1000,130882,76.9496177652168,2.362154008333333,,100.0,77.43526777584212,2.3614933,0.0,100.0,76.4639677545915,2.362814716666666,0.0,100.0,76.9496177652168,77.43526777584212,2659.502097083728,6985.0,2.0
A2,1000,rep02,2026-06-22T05:00:31+00:00,2026-06-22T05:04:36+00:00,245.0,594.6483573726825,1.6535725,2550.7576555000014,2796.6419636,3197.563492,0.414741,543.353516865708,132362,0.0,0,132362,14,1000,132362,72.65883037128407,0.0,,100.0,69.12807439096702,0.0,2.2134552,100.0,76.18958635160114,0.0,2.181482016666666,100.0,72.65883037128407,76.18958635160114,2783.0211674858497,7534.0,2.0
A2,1000,rep03,2026-06-22T05:06:44+00:00,2026-06-22T05:10:48+00:00,244.0,596.3702104716958,1.665187,2417.3624598,2640.58573995,3247.595535,0.396176,542.3389866217711,132228,0.0,0,132228,5,1000,132228,53.32406534453129,0.0,,100.0,53.15840066854514,0.0,15.287198433333334,100.0,53.48973002051744,0.0,15.32951445,100.0,53.32406534453129,53.48973002051744,2658.315027855388,7643.0,2.0
A2,1000,rep04,2026-06-22T05:12:56+00:00,2026-06-22T05:17:02+00:00,246.0,600.3240581961894,1.644257,2656.986783,3190.253126,3920.611958,0.397368,539.3211046188745,132071,0.0,0,132071,10,1000,132071,55.162684071061236,0.0,,100.0,56.4290840391682,0.0,19.631518472357723,100.0,53.89628410295426,0.0,19.71437095907859,100.0,55.16268407106124,56.4290840391682,3184.8037918419536,6891.634146341464,2.0
A2,1000,rep05,2026-06-22T05:19:10+00:00,2026-06-22T05:23:14+00:00,244.0,595.3731416916926,1.793034,2523.9817352000005,2782.8823481,3772.565903,0.403248,542.6316106551559,132327,0.0,0,132327,8,1000,132327,75.69546795924636,0.0,,100.0,77.64607929662131,0.0,23.855102233333334,100.0,73.7448566218714,0.0,24.020177033333333,100.0,75.69546795924636,77.64607929662131,2775.214238671821,8220.0,2.0
A2,1000,rep06,2026-06-22T05:25:22+00:00,2026-06-22T05:29:27+00:00,245.0,609.7100555734074,1.685531,2465.619935,2660.9661151999994,3399.370718,0.404023,537.002583728525,131185,0.0,0,131185,14,1000,131185,74.60365950513551,0.0,,100.0,72.10462503722019,0.0,28.285697766666665,100.0,77.10269397305083,0.0,28.41393975,100.0,74.60365950513551,77.10269397305083,2685.2936695294243,7276.0,2.0
A2,1000,rep07,2026-06-22T05:31:35+00:00,2026-06-22T05:35:40+00:00,245.0,604.8340967488722,1.656394,2528.918207,2815.7764635000003,3328.444026,0.412505,539.7868334321314,131511,0.0,0,131511,13,1000,131511,53.28667861239728,0.0,,100.0,52.97541080080498,0.0,41.51279693333333,100.0,53.59794642398958,0.0,41.60965363333333,100.0,53.28667861239728,53.59794642398958,2815.241792244404,7244.0,2.0
A2,1000,rep08,2026-06-22T05:37:48+00:00,2026-06-22T05:41:53+00:00,245.0,589.6819870825723,1.709276,2349.316988,2576.8174043999998,3238.82466,0.415268,544.2647210726726,132843,0.0,0,132843,13,1000,132843,54.127796352135874,0.0,,100.0,54.89311576131407,0.0,45.808567466666666,100.0,53.36247694295768,0.0,45.97366848333333,100.0,54.127796352135874,54.89311576131407,2581.201713531388,6732.0,2.0
A2,1000,rep09,2026-06-22T05:44:01+00:00,2026-06-22T05:48:06+00:00,245.0,589.647818851476,1.602278,2379.0080826,2592.107117399999,3228.934438,0.407919,544.2561348085064,132849,0.0,0,132849,13,1000,132849,73.98222321016245,0.0,,100.0,76.56805671909943,0.0,50.15761611666667,100.0,71.39638970122546,0.0,50.30298436666666,100.0,73.98222321016245,76.56805671909943,2591.380648823167,7710.0,2.0
A2,1000,rep10,2026-06-22T05:50:14+00:00,2026-06-22T05:54:18+00:00,244.0,604.8140808137479,1.683629,2536.603969700001,2849.04223645,3356.533926,0.412391,539.892367370603,131522,0.0,0,131522,14,1000,131522,76.15239202476032,0.0,,100.0,74.80337604520959,0.0,54.45979183333333,100.0,77.50140800431105,0.0,54.70055166666667,100.0,76.15239202476032,77.50140800431105,2850.605405386407,7423.0,2.0
A2,1000,rep11,2026-06-22T05:56:26+00:00,2026-06-22T06:00:31+00:00,245.0,609.407677239373,1.771468,2505.9353546,2686.22858395,3034.94787,0.405356,538.1820640657813,131184,0.0,0,131184,13,1000,131184,53.20113327715622,0.0,,100.0,53.1865417411174,0.0,67.54339573333333,99.9933387733351,53.21572481319504,0.0,67.72870198333334,100.0,53.20113327715622,53.21572481319504,2686.326073363363,6810.0,2.0
A2,1000,rep12,2026-06-22T06:02:39+00:00,2026-06-22T06:06:45+00:00,246.0,638.9551229662358,1.946461,3270.728418900009,4707.42193635,5177.355356,0.414443,525.1886496822528,129150,0.0009833526906697,127,129023,13,1000,129150,76.47315911304895,0.0,,100.0,76.83499198443363,0.0,72.07502375,100.0,76.11132624166429,0.0,72.3072894,99.94171523730226,76.47315911304895,76.83499198443363,4743.339280884561,8222.0,2.0
A2,1000,rep13,2026-06-22T06:08:53+00:00,2026-06-22T06:12:58+00:00,245.0,625.0951311481368,2.042963,2568.71929,2829.078559999998,3512.340763,0.427462,532.9652130061738,129899,0.0,0,129899,13,1000,129899,85.66361713941467,0.0,,100.0,87.21753495854843,0.0,78.74382986666667,100.0,84.1096993202809,0.0,78.9255385,100.0,85.66361713941467,87.21753495854843,2830.378527018177,6971.0,2.0
A2,1000,rep14,2026-06-22T06:15:06+00:00,2026-06-22T06:19:12+00:00,246.0,640.2345283330591,1.8015305,3378.201116,4018.95908075,4853.350158,0.417362,525.4000229869683,128916,0.0,0,128916,13,1000,128916,89.02985044030635,0.0,,100.0,89.12970159195363,0.0,85.39510026666666,100.0,88.92999928865908,0.0,85.60998875,100.0,89.02985044030635,89.12970159195363,4038.4205331831,8246.0,2.0
A2,1000,rep15,2026-06-22T06:21:20+00:00,2026-06-22T06:25:26+00:00,246.0,636.7583594767743,2.019331,2625.222522,2861.4418265,3660.264818,0.438578,528.1946964269296,129091,0.0,0,129091,13,1000,129091,76.6967098070846,0.0,,100.0,76.64137777363088,0.0,100.87496886666666,100.0,76.75204184053831,0.0,101.02821681666668,100.0,76.6967098070846,76.75204184053831,2867.6966837572368,7391.0,2.0
A2,1000,rep16,2026-06-22T06:27:34+00:00,2026-06-22T06:31:39+00:00,245.0,633.4592140592802,2.003035,2978.841487,3280.004892,4046.638244,0.421258,528.1873923421377,129381,0.0,0,129381,13,1000,129381,61.77034107036645,0.0,,100.0,52.37815781490582,0.0,107.70991235,100.0,71.16252432582708,0.0,107.92711838333334,100.0,61.77034107036645,71.16252432582708,3289.9675026988016,7354.0,2.0
A2,1000,rep17,2026-06-22T06:33:47+00:00,2026-06-22T06:37:52+00:00,245.0,599.5426911620859,1.791846,2440.9537258,2607.3319787,3029.328654,0.407646,541.0369475386133,131967,0.0,0,131967,13,1000,131967,70.06933545121552,0.0,,100.0,73.24985876259343,0.0,111.95146665,100.0,66.8888121398376,0.0,114.04672556666668,100.0,70.06933545121552,73.24985876259343,2619.531217443839,6764.0,2.0
A2,1000,rep18,2026-06-22T06:40:05+00:00,2026-06-22T06:44:12+00:00,247.0,605.9467131222121,1.88886,3138.6271562000006,4180.467185299999,4839.542426,0.411008,536.4792093163796,131690,0.0014275951097273,188,131502,11,1000,131690,77.57156602607493,0.0,,100.0,76.97846510239049,0.0,116.07132663333331,100.0,78.16466694975938,0.0,117.63706638333332,100.0,77.57156602607493,78.16466694975938,4179.04831325119,8164.0,2.0
A2,1000,rep19,2026-06-22T06:46:25+00:00,2026-06-22T06:50:31+00:00,246.0,593.6711208171301,1.72037,2461.5391070000005,2723.9982122999986,3158.892114,0.407018,543.8809396862039,132435,0.0,0,132435,11,1000,132435,51.43390738857399,0.0,,100.0,51.263549818998094,0.0,128.85702775,100.0,51.60426495814989,0.0,130.45631263333334,100.0,51.43390738857399,51.60426495814989,2715.64087803647,7322.0,2.0
A2,1000,rep20,2026-06-22T06:52:43+00:00,2026-06-22T06:56:50+00:00,247.0,596.8022215654938,1.895237,2475.5403144,2778.7014058,3297.349992,0.401622,541.2738737765145,132217,0.0,0,132217,10,1000,132217,49.131057910078944,0.0,,100.0,52.960991323428765,0.0,133.2148137,100.0,45.30112449672912,0.0,134.65829545,100.0,49.13105791007894,52.960991323428765,2763.1863385010147,6934.0,2.0
A2,1000,rep21,2026-06-22T10:10:21+00:00,2026-06-22T10:14:26+00:00,245.0,493.7972349116069,2.114828,2067.623287,2929.7921458000005,3464.740508,0.532745,578.9495911634906,141279,0.0,0,141279,13,1000,141279,71.49431634768732,0.5956140666666666,,100.0,71.43662051193925,0.7425968666666667,0.0,100.0,71.55201218343537,0.4486312666666666,0.0,100.0,71.49431634768732,71.55201218343537,2912.704601846837,7155.0,2.0
A2,1000,rep22,2026-06-22T10:16:35+00:00,2026-06-22T10:20:39+00:00,244.0,493.9846825321942,2.113884,1986.9754565,2341.2791875,3045.845983,0.507465,581.1095931214404,141156,0.0,0,141156,13,1000,141156,53.094336836474895,0.0,,99.99833377765928,53.129760044943374,0.0,12.27072545,99.99833377765928,53.058913628006415,0.0,12.269956316666669,99.99499983332778,53.094336836474895,53.129760044943374,2339.479308391067,7929.0,2.0
A2,1000,rep23,2026-06-22T10:22:47+00:00,2026-06-22T10:26:52+00:00,245.0,493.6785964903536,2.113401,2118.291,2572.8244649999992,3327.28154,0.521893,579.7060705677633,141225,0.0,0,141225,13,1000,141225,54.698206576701445,0.0,,100.0,54.44833333333332,0.0,16.84026475,100.0,54.948079820069566,0.0,17.067064666666667,100.0,54.698206576701445,54.948079820069566,2568.813366307368,7157.0,2.0
A2,1000,rep24,2026-06-22T10:29:00+00:00,2026-06-22T10:33:05+00:00,245.0,479.4412978212576,2.082157,1954.171623,2150.691185,2764.667528,0.523109,585.4550129850928,142541,0.0,0,142541,10,1000,142541,76.82888010954059,0.0,,100.0,76.6417362381612,0.0,21.1105877,100.0,77.01602398091998,0.0,21.37557885,100.0,76.82888010954059,77.01602398091998,2146.065077910209,8429.0,2.0
A2,1000,rep25,2026-06-22T10:35:13+00:00,2026-06-22T10:39:19+00:00,246.0,484.1416201604967,2.128002,2459.7717748000005,2989.8310128,4023.886899,0.521684,581.286859909964,142353,0.0,0,142353,13,1000,142353,74.60610812139845,0.0,,100.0,74.61333644517055,0.0,25.41841001666667,100.0,74.59887979762634,0.0,25.710350066666667,100.0,74.60610812139845,74.61333644517055,3023.341768346909,7853.0,2.0
A2,1000,rep26,2026-06-22T10:41:27+00:00,2026-06-22T10:45:31+00:00,244.0,500.726168704323,2.109929,2040.383356,2263.9143138000004,2854.460378,0.528579,578.0733314577577,140569,0.0,0,140569,13,1000,140569,53.03764037616907,0.0,,100.0,53.135,0.0,38.0803446,100.0,52.94028075233815,0.0,38.25911421666667,99.99333322222036,53.03764037616907,53.135,2281.2854729039323,7231.0,2.0
A2,1000,rep27,2026-06-22T10:47:39+00:00,2026-06-22T10:51:43+00:00,244.0,483.2074724859476,2.126538,2051.1672188,2229.4765002,2674.400819,0.534861,584.9910416219639,142185,0.0,0,142185,13,1000,142185,53.8005568744365,0.0,,100.0,53.85833333333333,0.0,42.91191211666667,100.0,53.74278041553968,0.0,43.30944901666667,100.0,53.80055687443651,53.85833333333333,2234.195367914372,7532.0,2.0
A2,1000,rep28,2026-06-22T10:53:52+00:00,2026-06-22T10:57:56+00:00,244.0,490.0053922098104,2.091288,1994.7320296,2191.8053321,3056.998699,0.521361,581.2213256649823,141572,0.0,0,141572,13,1000,141572,74.96334326862596,0.0,,100.0,75.125,0.0,47.22619371666666,100.0,74.80168653725192,0.0,47.62267248333333,99.99833544177376,74.96334326862596,75.125,2209.0381075702503,7498.0,2.0
A2,1000,rep29,2026-06-22T11:00:05+00:00,2026-06-22T11:04:11+00:00,246.0,494.5016111737327,2.0990705,2996.6245863,3262.94233305,3768.677194,0.52925,578.141734485372,141258,0.0,0,141258,13,1000,141258,76.87253180395471,0.0,,100.0,76.79333333333334,0.0,51.489765766666665,100.0,76.9517302745761,0.0,51.86336493333334,100.0,76.87253180395471,76.9517302745761,3275.573950961565,7493.0,2.0
A2,1000,rep30,2026-06-22T11:06:19+00:00,2026-06-22T11:10:25+00:00,246.0,484.80235074830256,2.081182,2297.1310335,3028.051516,3777.523969,0.515965,581.7332069830347,142206,0.0,0,142206,13,1000,142206,24.919043495216613,0.0,,100.0,25.418333333333333,0.0,64.09185828333334,100.0,24.419753657099896,0.0,64.0327661,99.9983348874384,24.919043495216613,25.418333333333333,3002.412145109554,7231.0,2.0
A2,2000,rep01,2026-06-22T05:13:11+00:00,2026-06-22T05:17:19+00:00,248.0,998.089242867942,1.339603,5381.0492624,5393.0673136000005,5651.550699,0.42483,861.5197614706121,212275,0.1024944058414792,21757,190518,18,2000,212275,55.685149750508074,0.0,,100.0,53.478078870809455,0.0,4.473603416666666,99.99833336111064,57.8922206302067,0.0,4.334839816666666,100.0,55.68514975050808,57.8922206302067,5402.452099735583,16188.0,2.0
A2,2000,rep02,2026-06-22T05:19:31+00:00,2026-06-22T05:23:39+00:00,248.0,995.29349640132,1.371783,5378.0681874,5390.991831099999,6184.34894,0.494784,862.5681913523941,212524,0.0988123694265118,21000,191524,18,2000,212524,78.14448904943629,0.0,,100.0,76.10097834349642,0.0,8.836664283333333,100.0,80.18799975537617,0.0,8.697652116666667,100.0,78.14448904943629,80.18799975537617,5391.605341777378,14673.0,2.0
A2,2000,rep03,2026-06-22T05:25:50+00:00,2026-06-22T05:29:58+00:00,248.0,992.5744277429648,1.329362,5380.5232678,5392.934525199999,5732.682519,0.480727,863.7784647211923,212839,0.1046565713990387,22275,190564,18,2000,212839,73.49680457456219,0.0,,100.0,77.52718486026953,0.0,13.344973016666666,99.99166666666666,69.46642428885484,0.0,13.37061045,100.0,73.49680457456219,77.52718486026953,5366.556228257896,13297.0,2.0
A2,2000,rep04,2026-06-22T05:32:12+00:00,2026-06-22T05:36:19+00:00,247.0,998.2050552844794,1.297572,5378.7994292,5390.5801734,5950.301944,0.454442,861.5963607354843,212305,0.1012646899507783,21499,190806,18,2000,212305,54.15148212289779,0.0,,100.0,54.02159700883211,0.0,26.49177703333333,99.98832301866648,54.28136723696347,0.0,26.396950033333333,100.0,54.15148212289779,54.28136723696347,5404.616282363199,15212.0,2.0
A2,2000,rep05,2026-06-22T05:38:30+00:00,2026-06-22T05:42:38+00:00,248.0,1011.5439617017972,1.394771,5377.8764382,5391.2330903,6537.985737,0.467466,855.2901389204719,210735,0.1032766270434431,21764,188971,18,2000,210735,59.6300015866723,0.0,,100.0,55.27611437714127,0.0,30.88462218333333,99.36779595989924,63.98388879620333,0.0,30.823990016666663,100.0,59.63000158667229,63.98388879620333,5404.213252530601,14838.0,2.0
A2,2000,rep06,2026-06-22T05:44:48+00:00,2026-06-22T05:48:56+00:00,248.0,997.2751090116308,1.3029905,5379.6048651,5392.7514861,5854.093572,0.435112,861.8141090722361,212358,0.1013006338353158,21512,190846,19,2000,212358,79.9725785177618,0.0,,100.0,79.73740499800658,0.0,35.217576783333335,100.0,80.20775203751701,0.0,35.235969983333334,99.99833211021416,79.9725785177618,80.20775203751701,5403.1449698612405,13542.0,2.0
A2,2000,rep07,2026-06-22T05:51:08+00:00,2026-06-22T05:55:15+00:00,247.0,1002.1227128487118,1.336458,5379.683431,5392.52058675,5808.140356,0.415413,859.7959919077655,211818,0.1022717616066623,21663,190155,19,2000,211818,54.26177308169922,0.0,,100.0,54.230212713099,0.0,47.28942018333333,100.0,54.29333345029943,0.0,47.490472,99.99666427606452,54.26177308169922,54.29333345029943,5404.058058220196,16184.0,2.0
A2,2000,rep08,2026-06-22T05:57:25+00:00,2026-06-22T06:01:33+00:00,248.0,1008.5506496015856,1.354151,5376.979194,5390.373228,6629.945103,0.405216,856.808674457108,211101,0.101572233196432,21442,189659,18,2000,211101,53.811595446650486,0.0,,100.0,53.44262635797755,0.0,52.959866483333336,97.50536703889232,54.18056453532343,0.0,53.04436896666667,100.0,53.811595446650486,54.18056453532343,5410.234543938092,16868.0,2.0
A2,2000,rep09,2026-06-22T06:03:44+00:00,2026-06-22T06:07:52+00:00,248.0,998.5763650753436,1.382229,5379.6941932,5392.4753188,5689.168425,0.419423,861.1504719289244,212203,0.1064311060635335,22585,189618,17,2000,212203,64.50797170178204,0.0,,100.0,60.25917418555965,0.0,57.35981438333334,100.0,68.75676921800444,0.0,57.460918033333336,100.0,64.50797170178204,68.75676921800444,5401.724323779728,13582.0,2.0
A2,2000,rep10,2026-06-22T06:10:04+00:00,2026-06-22T06:14:12+00:00,248.0,998.7716754765564,1.3485795,5379.5402911,5391.2286359,5719.755792,0.465761,861.1309328371331,212188,0.1037429072332082,22013,190175,18,2000,212188,80.06582306199394,0.0,,100.0,79.7666461239879,0.0,61.68800835,100.0,80.365,0.0,61.81936485,100.0,80.06582306199394,80.365,5407.002821380977,17178.0,2.0
A2,2000,rep11,2026-06-22T06:16:23+00:00,2026-06-22T06:20:31+00:00,248.0,1005.8625143712115,1.3829735,5377.8119655,5390.6623225,6819.107273,0.443265,857.2416480917027,211246,0.1000208287967582,21129,190117,19,2000,211246,55.649014778320364,0.0,,100.0,56.99005904493214,0.0,74.26502973333334,99.875,54.30797051170858,0.0,74.62624881666666,100.0,55.64901477832037,56.99005904493214,5402.501883330585,16344.0,2.0
A2,2000,rep12,2026-06-22T06:22:41+00:00,2026-06-22T06:26:49+00:00,248.0,996.779478334892,1.3334815,5378.2015126,5391.650925450001,6213.708824,0.444622,861.9311172725014,212394,0.1054125822763354,22389,190005,18,2000,212394,54.08593794977362,0.0,,100.0,54.02008267519072,0.0,79.72625871666666,99.21666666666664,54.15179322435652,0.0,79.66056875,100.0,54.08593794977362,54.15179322435652,5400.663613088321,13871.0,2.0
A2,2000,rep13,2026-06-22T06:28:59+00:00,2026-06-22T06:33:07+00:00,248.0,1004.7132333712922,1.349496,5376.264189,5389.6695346,6687.151128,0.478715,858.3161503135342,211613,0.1044122998114482,22095,189518,14,2000,211613,69.70012469057924,0.0,,100.0,65.49325630265739,0.0,84.24813073151881,100.0,73.9069930785011,0.0,84.19962389623656,100.0,69.70012469057924,73.9069930785011,5398.717308525174,13520.959677419354,2.0
A2,2000,rep14,2026-06-22T06:35:17+00:00,2026-06-22T06:39:25+00:00,248.0,997.0190964721702,1.350947,5377.0861824,5389.670304,6129.730147,0.459877,861.6561981689562,212325,0.1023242670434475,21726,190599,18,2000,212325,80.2016776190633,0.0,,100.0,80.16051548468398,0.0,88.54159501666666,100.0,80.24283975344262,0.0,88.49450485,99.99833336111064,80.2016776190633,80.24283975344262,5378.605110169928,14854.0,2.0
A2,2000,rep15,2026-06-22T06:41:35+00:00,2026-06-22T06:45:43+00:00,248.0,999.0911670313344,1.349583,5379.426615400001,5392.0397743,5892.685806,0.476445,860.9541928314297,212152,0.1042554394962102,22118,190034,18,2000,212152,53.93692397189383,0.0,,100.0,53.80659451134802,0.0,101.61857855,99.996663719619,54.06725343243964,0.0,101.78274865,100.0,53.93692397189383,54.06725343243964,5401.944005311582,14765.0,2.0
A2,2000,rep16,2026-06-22T06:47:53+00:00,2026-06-22T06:52:01+00:00,248.0,1002.7278045459946,1.334151,5378.043682,5391.7574319,6097.869869,0.443259,859.4775599162202,211774,0.1054898146136919,22340,189434,17,2000,211774,53.47519440149554,0.0,,100.0,53.35433741474194,0.0,106.40273320557796,100.0,53.59605138824914,0.0,106.41382268622311,100.0,53.47519440149554,53.59605138824914,5402.488337107416,12972.084677419354,2.0
A2,2000,rep17,2026-06-22T06:54:14+00:00,2026-06-22T06:58:22+00:00,248.0,1001.0415624595134,1.31546,5380.9107034,5392.8674742,5546.666955,0.461993,860.1744904665014,211953,0.0981821441546003,20810,191143,17,2000,211953,74.45764999570875,0.0,,100.0,70.3582584592345,0.0,110.71129966666666,99.97831453926736,78.55704153218298,0.0,110.73100466666666,100.0,74.45764999570875,78.55704153218298,5385.546242966866,15581.0,2.0
A2,2000,rep18,2026-06-22T07:00:33+00:00,2026-06-22T07:04:40+00:00,247.0,994.5914967880128,1.3551305,5380.6066415000005,5392.7048445,5754.037675,0.437068,862.9623668150978,212646,0.1045258316638921,22227,190419,18,2000,212646,77.6481997362276,0.0,,100.0,80.09665257934785,0.0,115.11547456666666,99.99833336111064,75.19974689310735,0.0,115.12399718333332,100.0,77.6481997362276,80.09665257934785,5400.763585198032,14619.0,2.0
A2,2000,rep19,2026-06-22T07:06:51+00:00,2026-06-22T07:10:58+00:00,247.0,1001.8195477184832,1.3423085,5377.2957007,5390.8299017,7018.621399,0.434456,859.7556501840913,211842,0.1036291198157117,21953,189889,18,2000,211842,53.12555128454436,0.0,,99.99333821863964,53.06202074273804,0.0,128.47964416666667,99.97833261108704,53.18908182635067,0.0,128.5453519,99.99333821863964,53.12555128454436,53.18908182635067,5406.375267173916,13883.0,2.0
A2,2000,rep20,2026-06-22T07:13:11+00:00,2026-06-22T07:17:19+00:00,248.0,1001.785134339272,1.3341880000000002,5380.240233,5392.453120149999,5995.297409,0.443112,859.9674671898345,211920,0.1010145337863344,21407,190513,17,2000,211920,53.569698841195475,0.0,,100.0,49.211751769450046,0.0,132.7690603,100.0,57.92764591294091,0.0,132.86835516666667,100.0,53.56969884119548,57.92764591294091,5409.722991112253,17773.0,2.0
A2,2000,rep21,2026-06-22T20:13:32+00:00,2026-06-22T20:17:40+00:00,248.0,1000.0424974900646,1.300998,5379.2891046,5393.4080336,5788.546018,0.409199,860.4307642772511,212013,0.1019560121313315,21616,190397,18,2000,212013,65.24953615749787,0.0,,100.0,71.1603718107155,0.0,53.4254392,99.99001929602768,59.33870050428025,0.0,53.96665465,100.0,65.24953615749787,71.1603718107155,5371.930445951526,14620.0,2.0
A2,2000,rep22,2026-06-22T20:19:49+00:00,2026-06-22T20:23:56+00:00,247.0,998.5456109919418,1.278296,5383.9542582,5395.9908825,5540.516344,0.412279,861.2054148860976,212207,0.1040587728020282,22082,190125,18,2000,212207,79.697465743441,0.0,,100.0,79.46776949277714,0.0,57.806193283333336,100.0,79.92716199410486,0.0,58.3860483,100.0,79.697465743441,79.92716199410486,5367.719223238122,13895.0,2.0
A2,2000,rep23,2026-06-22T20:26:07+00:00,2026-06-22T20:30:15+00:00,248.0,1003.2070646178216,1.286864,5382.5759914,5395.831055449999,6172.441948,0.422599,859.2600044572147,211722,0.0997203880560357,21113,190609,18,2000,211722,54.40989700418094,0.0,,100.0,54.27297727821999,0.0,69.67914431666667,99.95006242197252,54.54681673014189,0.0,70.64051291666667,100.0,54.40989700418094,54.54681673014189,5408.976842402997,15901.0,2.0
A2,2000,rep24,2026-06-22T20:32:24+00:00,2026-06-22T20:36:32+00:00,248.0,997.38601006664,1.273157,5381.4081056,5393.1619101,5682.429963,0.430339,861.5836689465435,212310,0.1021901935848523,21696,190614,18,2000,212310,54.37736766017904,0.0,,99.95833333333331,54.21369950646031,0.0,75.60824693333333,99.61081044965592,54.54103581389777,0.0,76.25234476666667,99.95833333333331,54.37736766017904,54.54103581389777,5395.590147778347,15088.0,2.0
A2,2000,rep25,2026-06-22T20:38:41+00:00,2026-06-22T20:42:49+00:00,248.0,1000.7515516448764,1.285959,5377.0851765,5392.73151445,6021.048613,0.384305,860.0686452330891,211934,0.1055941944190172,22379,189555,18,2000,211934,68.38235883221796,0.0,,100.0,74.29775088451896,0.0,80.04166788333333,99.8301330624344,62.46696677991695,0.0,80.69936346666667,100.0,68.38235883221796,74.29775088451896,5401.208874508317,15012.0,2.0
A2,2000,rep26,2026-06-22T20:44:58+00:00,2026-06-22T20:49:06+00:00,248.0,995.3486721114592,1.3286535000000002,5378.7354037000005,5392.559544600001,6660.63781,0.426866,861.5963351376853,212362,0.103601397613509,22001,190361,17,2000,212362,79.41214640233099,0.0,,100.0,79.09809477951828,0.0,84.60219528884409,99.98000733064542,79.7261980251437,0.0,85.2853662844086,100.0,79.41214640233099,79.7261980251437,5365.518388742762,12772.387096774191,2.0
A2,2000,rep27,2026-06-22T20:51:15+00:00,2026-06-22T20:55:23+00:00,248.0,999.0671747979186,1.285785,5383.111335,5394.838303500001,5714.3213,0.422558,860.8035938078646,212091,0.0980428212418254,20794,191297,18,2000,212091,54.57391828125952,0.0,,100.0,54.66783656251905,0.0,96.65452885,100.0,54.48,0.0,97.71922506666668,99.94166666666666,54.57391828125952,54.66783656251905,5402.387083527925,15020.0,2.0
A2,2000,rep28,2026-06-22T20:57:32+00:00,2026-06-22T21:01:40+00:00,248.0,998.9426729442148,1.298154,5378.9265116,5392.1405355,6329.995748,0.433993,860.7015196775928,212075,0.1003560061299068,21283,190792,18,2000,212075,54.35880449077992,0.0,,100.0,54.252163787661175,0.0,101.75220605,100.0,54.46544519389865,0.0,103.06286588333332,99.96169411921456,54.35880449077992,54.46544519389865,5401.280109762815,13902.0,2.0
A2,2000,rep29,2026-06-22T21:03:49+00:00,2026-06-22T21:07:57+00:00,248.0,999.1818670686196,1.3290365,5379.6872313,5393.5724787,6255.410943,0.405435,860.9940230529718,212132,0.1028510550034884,21818,190314,17,2000,212132,70.95323870738508,0.0,,99.98999266128494,76.79852042352061,0.0,106.1626361,99.7766070952254,65.10795699124955,0.0,107.50176813333331,99.98999266128494,70.95323870738508,76.79852042352061,5402.278731190093,13265.0,2.0
A2,2000,rep30,2026-06-22T21:10:07+00:00,2026-06-22T21:14:15+00:00,248.0,998.5857339641922,1.284275,5381.7360502,5394.4363247,5785.493399,0.438858,861.1960310578709,212195,0.097009825867716,20585,191610,18,2000,212195,78.6477951530176,0.0,,100.0,77.1110156511715,0.0,110.57364091666666,99.99166666666666,80.18457465486368,0.0,111.92953075,100.0,78.6477951530176,80.18457465486368,5402.751590601953,15644.0,2.0
